File Name,BldgLoc,BldgType,Story,BldgHVAC,BldgVint,TechGroup,TechType,TechID,Value/Program Version and Build (),Value/Weather File (),Area/Conditioned Total (m2),Electricity Intensity/HVAC (kWh/m2),Natural Gas Intensity/HVAC (kWh/m2),Electricity/Heating (kWh),Electricity/Cooling (kWh),Electricity/Interior Lighting (kWh),Electricity/Exterior Lighting (kWh),Electricity/Interior Equipment (kWh),Electricity/Exterior Equipment (kWh),Electricity/Fans (kWh),Electricity/Pumps (kWh),Electricity/Heat Rejection (kWh),Electricity/Humidification (kWh),Electricity/Heat Recovery (kWh),Electricity/Water Systems (kWh),Electricity/Refrigeration (kWh),Electricity/Generators (kWh),Natural Gas/Heating (kWh),Natural Gas/Cooling (kWh),Natural Gas/Interior Lighting (kWh),Natural Gas/Exterior Lighting (kWh),Natural Gas/Interior Equipment (kWh),Natural Gas/Exterior Equipment (kWh),Natural Gas/Fans (kWh),Natural Gas/Pumps (kWh),Natural Gas/Heat Rejection (kWh),Natural Gas/Humidification (kWh),Natural Gas/Heat Recovery (kWh),Natural Gas/Water Systems (kWh),Natural Gas/Refrigeration (kWh),Natural Gas/Generators (kWh),Electricity:Facility [J](Hourly),Environment:Site Outdoor Air Drybulb Temperature [C](Hourly)
SWCR007-05 Float Temp Ctrl_Ex/runs/CZ01/Gro&0&cDXGF&Ex&Ref_Storage__RefControl/NE-Ref_Storage-RefControl-FixSucTemp-EvapCool-VSDFan/instance-out.sql,CZ01,Gro,0,cDXGF,Ex,Ref_Storage,RefControl,NE-Ref_Storage-RefControl-FixSucTemp-EvapCool-VSDFan,"EnergyPlus, Version 22.2.0-c249759bad, YMD=2024.05.03 23:08",CA_EUREKA - USA Custom-725940 WMO#=725940,4644.87,42.49,63.01,0.0,334.37,249305.1,0.0,177647.52,0.0,197023.81,0.0,0.0,0.0,0.0,0.0,370076.69,0.0,221955.58,0.0,0.0,0.0,0.0,0.0,0.0,0.0,0.0,0.0,0.0,70697.61,0.0,0.0,530469537.7370982,20.015
SWCR007-05 Float Temp Ctrl_Ex/runs/CZ01/Gro&0&cDXGF&Ex&Ref_Storage__RefControl/NE-Ref_Storage-RefControl-FixSucTemp-AirCool-VSDFan/instance-out.sql,CZ01,Gro,0,cDXGF,Ex,Ref_Storage,RefControl,NE-Ref_Storage-RefControl-FixSucTemp-AirCool-VSDFan,"EnergyPlus, Version 22.2.0-c249759bad, YMD=2024.05.03 23:06",CA_EUREKA - USA Custom-725940 WMO#=725940,4644.87,42.49,63.01,0.0,334.37,249305.1,0.0,177647.52,0.0,197023.81,0.0,0.0,0.0,0.0,0.0,918177.31,0.0,221955.58,0.0,0.0,0.0,0.0,0.0,0.0,0.0,0.0,0.0,0.0,70697.61,0.0,0.0,1185095542.3580732,20.015
SWCR007-05 Float Temp Ctrl_Ex/runs/CZ01/Gro&0&cDXGF&Ex&Ref_Storage__RefControl/NE-Ref_Storage-RefControl-FltSucTemp-AirCool/instance-out.sql,CZ01,Gro,0,cDXGF,Ex,Ref_Storage,RefControl,NE-Ref_Storage-RefControl-FltSucTemp-AirCool,"EnergyPlus, Version 22.2.0-c249759bad, YMD=2024.05.03 23:06",CA_EUREKA - USA Custom-725940 WMO#=725940,4644.87,42.49,63.01,0.0,334.37,249305.1,0.0,177647.52,0.0,197023.81,0.0,0.0,0.0,0.0,0.0,800439.93,0.0,221955.58,0.0,0.0,0.0,0.0,0.0,0.0,0.0,0.0,0.0,0.0,70697.61,0.0,0.0,1221103194.1277142,20.015
SWCR007-05 Float Temp Ctrl_Ex/runs/CZ01/Gro&0&cDXGF&Ex&Ref_Storage__RefControl/NE-Ref_Storage-RefControl-FixSucTemp-AirCool/instance-out.sql,CZ01,Gro,0,cDXGF,Ex,Ref_Storage,RefControl,NE-Ref_Storage-RefControl-FixSucTemp-AirCool,"EnergyPlus, Version 22.2.0-c249759bad, YMD=2024.05.03 23:06",CA_EUREKA - USA Custom-725940 WMO#=725940,4644.87,42.49,63.01,0.0,334.37,249305.1,0.0,177647.52,0.0,197023.81,0.0,0.0,0.0,0.0,0.0,924933.24,0.0,221955.58,0.0,0.0,0.0,0.0,0.0,0.0,0.0,0.0,0.0,0.0,70697.61,0.0,0.0,1185095542.3580732,20.015
SWCR007-05 Float Temp Ctrl_Ex/runs/CZ02/Gro&0&cDXGF&Ex&Ref_Storage__RefControl/NE-Ref_Storage-RefControl-FixSucTemp-AirCool/instance-out.sql,CZ02,Gro,0,cDXGF,Ex,Ref_Storage,RefControl,NE-Ref_Storage-RefControl-FixSucTemp-AirCool,"EnergyPlus, Version 22.2.0-c249759bad, YMD=2024.05.03 23:08",CA_NAPA-CO - USA Custom-724955 WMO#=724955,4644.87,48.29,39.63,0.0,21210.03,249305.1,0.0,177647.52,0.0,203090.06,0.0,0.0,0.0,0.0,0.0,1174434.89,0.0,119054.86,0.0,0.0,0.0,0.0,0.0,0.0,0.0,0.0,0.0,0.0,64998.84,0.0,0.0,1240219734.9392867,29.13916666666667
SWCR007-05 Float Temp Ctrl_Ex/runs/CZ01/Gro&0&cDXGF&Ex&Ref_Storage__RefControl/NE-Ref_Storage-RefControl-FltSucTemp-EvapCool/instance-out.sql,CZ01,Gro,0,cDXGF,Ex,Ref_Storage,RefControl,NE-Ref_Storage-RefControl-FltSucTemp-EvapCool,"EnergyPlus, Version 22.2.0-c249759bad, YMD=2024.05.03 23:07",CA_EUREKA - USA Custom-725940 WMO#=725940,4644.87,42.49,63.01,0.0,334.37,249305.1,0.0,177647.52,0.0,197023.81,0.0,0.0,0.0,0.0,0.0,366347.08,0.0,221955.58,0.0,0.0,0.0,0.0,0.0,0.0,0.0,0.0,0.0,0.0,70697.61,0.0,0.0,528473172.1599139,20.015
SWCR007-05 Float Temp Ctrl_Ex/runs/CZ01/Gro&0&cDXGF&Ex&Ref_Storage__RefControl/NE-Ref_Storage-RefControl-FltSucTemp-AirCool-VSDFan/instance-out.sql,CZ01,Gro,0,cDXGF,Ex,Ref_Storage,RefControl,NE-Ref_Storage-RefControl-FltSucTemp-AirCool-VSDFan,"EnergyPlus, Version 22.2.0-c249759bad, YMD=2024.05.03 23:06",CA_EUREKA - USA Custom-725940 WMO#=725940,4644.87,42.49,63.01,0.0,334.37,249305.1,0.0,177647.52,0.0,197023.81,0.0,0.0,0.0,0.0,0.0,793501.89,0.0,221955.58,0.0,0.0,0.0,0.0,0.0,0.0,0.0,0.0,0.0,0.0,70697.61,0.0,0.0,1221103194.1277142,20.015
SWCR007-05 Float Temp Ctrl_Ex/runs/CZ01/Gro&0&cDXGF&Ex&Ref_Storage__RefControl/NE-Ref_Storage-RefControl-FixSucTemp-EvapCool/instance-out.sql,CZ01,Gro,0,cDXGF,Ex,Ref_Storage,RefControl,NE-Ref_Storage-RefControl-FixSucTemp-EvapCool,"EnergyPlus, Version 22.2.0-c249759bad, YMD=2024.05.03 23:08",CA_EUREKA - USA Custom-725940 WMO#=725940,4644.87,42.49,63.01,0.0,334.37,249305.1,0.0,177647.52,0.0,197023.81,0.0,0.0,0.0,0.0,0.0,379584.31,0.0,221955.58,0.0,0.0,0.0,0.0,0.0,0.0,0.0,0.0,0.0,0.0,70697.61,0.0,0.0,535330395.4005111,20.015
SWCR007-05 Float Temp Ctrl_Ex/runs/CZ02/Gro&0&cDXGF&Ex&Ref_Storage__RefControl/NE-Ref_Storage-RefControl-FixSucTemp-AirCool-VSDFan/instance-out.sql,CZ02,Gro,0,cDXGF,Ex,Ref_Storage,RefControl,NE-Ref_Storage-RefControl-FixSucTemp-AirCool-VSDFan,"EnergyPlus, Version 22.2.0-c249759bad, YMD=2024.05.03 23:09",CA_NAPA-CO - USA Custom-724955 WMO#=724955,4644.87,48.29,39.63,0.0,21210.03,249305.1,0.0,177647.52,0.0,203090.06,0.0,0.0,0.0,0.0,0.0,1169436.84,0.0,119054.86,0.0,0.0,0.0,0.0,0.0,0.0,0.0,0.0,0.0,0.0,64998.84,0.0,0.0,1240219734.9392867,29.13916666666667
SWCR007-05 Float Temp Ctrl_Ex/runs/CZ02/Gro&0&cDXGF&Ex&Ref_Storage__RefControl/NE-Ref_Storage-RefControl-FltSucTemp-EvapCool-VSDFan/instance-out.sql,CZ02,Gro,0,cDXGF,Ex,Ref_Storage,RefControl,NE-Ref_Storage-RefControl-FltSucTemp-EvapCool-VSDFan,"EnergyPlus, Version 22.2.0-c249759bad, YMD=2024.05.03 23:10",CA_NAPA-CO - USA Custom-724955 WMO#=724955,4644.87,48.29,39.63,0.0,21210.03,249305.1,0.0,177647.52,0.0,203090.06,0.0,0.0,0.0,0.0,0.0,365698.34,0.0,119054.86,0.0,0.0,0.0,0.0,0.0,0.0,0.0,0.0,0.0,0.0,64998.84,0.0,0.0,590256975.7204609,29.13916666666667
SWCR007-05 Float Temp Ctrl_Ex/runs/CZ02/Gro&0&cDXGF&Ex&Ref_Storage__RefControl/NE-Ref_Storage-RefControl-FltSucTemp-AirCool/instance-out.sql,CZ02,Gro,0,cDXGF,Ex,Ref_Storage,RefControl,NE-Ref_Storage-RefControl-FltSucTemp-AirCool,"EnergyPlus, Version 22.2.0-c249759bad, YMD=2024.05.03 23:08",CA_NAPA-CO - USA Custom-724955 WMO#=724955,4644.87,48.29,39.63,0.0,21210.03,249305.1,0.0,177647.52,0.0,203090.06,0.0,0.0,0.0,0.0,0.0,1108956.27,0.0,119054.86,0.0,0.0,0.0,0.0,0.0,0.0,0.0,0.0,0.0,0.0,64998.84,0.0,0.0,1276387696.833837,29.13916666666667
SWCR007-05 Float Temp Ctrl_Ex/runs/CZ03/Gro&0&cDXGF&Ex&Ref_Storage__RefControl/NE-Ref_Storage-RefControl-FltSucTemp-EvapCool-VSDFan/instance-out.sql,CZ03,Gro,0,cDXGF,Ex,Ref_Storage,RefControl,NE-Ref_Storage-RefControl-FltSucTemp-EvapCool-VSDFan,"EnergyPlus, Version 22.2.0-c249759bad, YMD=2024.05.03 23:12",CA_OAKLAND-METRO-AP - USA Custom-724930 WMO#=724930,4644.87,44.51,32.9,0.0,8187.2,249305.1,0.0,177647.52,0.0,198557.15,0.0,0.0,0.0,0.0,0.0,366175.52,0.0,88070.46,0.0,0.0,0.0,0.0,0.0,0.0,0.0,0.0,0.0,0.0,64751.04,0.0,0.0,543909227.8382328,24.872500000000002
SWCR007-05 Float Temp Ctrl_Ex/runs/CZ02/Gro&0&cDXGF&Ex&Ref_Storage__RefControl/NE-Ref_Storage-RefControl-FixSucTemp-EvapCool-VSDFan/instance-out.sql,CZ02,Gro,0,cDXGF,Ex,Ref_Storage,RefControl,NE-Ref_Storage-RefControl-FixSucTemp-EvapCool-VSDFan,"EnergyPlus, Version 22.2.0-c249759bad, YMD=2024.05.03 23:10",CA_NAPA-CO - USA Custom-724955 WMO#=724955,4644.87,48.29,39.63,0.0,21210.03,249305.1,0.0,177647.52,0.0,203090.06,0.0,0.0,0.0,0.0,0.0,378940.97,0.0,119054.86,0.0,0.0,0.0,0.0,0.0,0.0,0.0,0.0,0.0,0.0,64998.84,0.0,0.0,597212306.6741554,29.13916666666667
SWCR007-05 Float Temp Ctrl_Ex/runs/CZ02/Gro&0&cDXGF&Ex&Ref_Storage__RefControl/NE-Ref_Storage-RefControl-FltSucTemp-EvapCool/instance-out.sql,CZ02,Gro,0,cDXGF,Ex,Ref_Storage,RefControl,NE-Ref_Storage-RefControl-FltSucTemp-EvapCool,"EnergyPlus, Version 22.2.0-c249759bad, YMD=2024.05.03 23:09",CA_NAPA-CO - USA Custom-724955 WMO#=724955,4644.87,48.29,39.63,0.0,21210.03,249305.1,0.0,177647.52,0.0,203090.06,0.0,0.0,0.0,0.0,0.0,375665.68,0.0,119054.86,0.0,0.0,0.0,0.0,0.0,0.0,0.0,0.0,0.0,0.0,64998.84,0.0,0.0,592967323.8575834,29.13916666666667
SWCR007-05 Float Temp Ctrl_Ex/runs/CZ04/Gro&0&cDXGF&Ex&Ref_Storage__RefControl/NE-Ref_Storage-RefControl-FixSucTemp-AirCool/instance-out.sql,CZ04,Gro,0,cDXGF,Ex,Ref_Storage,RefControl,NE-Ref_Storage-RefControl-FixSucTemp-AirCool,"EnergyPlus, Version 22.2.0-c249759bad, YMD=2024.05.03 23:13",CA_SAN-JOSE-IAP - USA Custom-724945 WMO#=724945,4644.87,48.19,29.33,0.0,27559.43,249305.1,0.0,177647.52,0.0,196294.16,0.0,0.0,0.0,0.0,0.0,1245135.88,0.0,73682.35,0.0,0.0,0.0,0.0,0.0,0.0,0.0,0.0,0.0,0.0,62544.39,0.0,0.0,1255861276.311393,30.743750000000002
SWCR007-05 Float Temp Ctrl_Ex/runs/CZ03/Gro&0&cDXGF&Ex&Ref_Storage__RefControl/NE-Ref_Storage-RefControl-FltSucTemp-AirCool/instance-out.sql,CZ03,Gro,0,cDXGF,Ex,Ref_Storage,RefControl,NE-Ref_Storage-RefControl-FltSucTemp-AirCool,"EnergyPlus, Version 22.2.0-c249759bad, YMD=2024.05.03 23:10",CA_OAKLAND-METRO-AP - USA Custom-724930 WMO#=724930,4644.87,44.51,32.9,0.0,8187.2,249305.1,0.0,177647.52,0.0,198557.15,0.0,0.0,0.0,0.0,0.0,1105951.07,0.0,88070.46,0.0,0.0,0.0,0.0,0.0,0.0,0.0,0.0,0.0,0.0,64751.04,0.0,0.0,1235299325.0909019,24.872500000000002
SWCR007-05 Float Temp Ctrl_Ex/runs/CZ01/Gro&0&cDXGF&Ex&Ref_Storage__RefControl/NE-Ref_Storage-RefControl-FltSucTemp-EvapCool-VSDFan/instance-out.sql,CZ01,Gro,0,cDXGF,Ex,Ref_Storage,RefControl,NE-Ref_Storage-RefControl-FltSucTemp-EvapCool-VSDFan,"EnergyPlus, Version 22.2.0-c249759bad, YMD=2024.05.03 23:08",CA_EUREKA - USA Custom-725940 WMO#=725940,4644.87,42.49,63.01,0.0,334.37,249305.1,0.0,177647.52,0.0,197023.81,0.0,0.0,0.0,0.0,0.0,356839.46,0.0,221955.58,0.0,0.0,0.0,0.0,0.0,0.0,0.0,0.0,0.0,0.0,70697.61,0.0,0.0,523612314.49650097,20.015
SWCR007-05 Float Temp Ctrl_Ex/runs/CZ03/Gro&0&cDXGF&Ex&Ref_Storage__RefControl/NE-Ref_Storage-RefControl-FixSucTemp-AirCool/instance-out.sql,CZ03,Gro,0,cDXGF,Ex,Ref_Storage,RefControl,NE-Ref_Storage-RefControl-FixSucTemp-AirCool,"EnergyPlus, Version 22.2.0-c249759bad, YMD=2024.05.03 23:11",CA_OAKLAND-METRO-AP - USA Custom-724930 WMO#=724930,4644.87,44.51,32.9,0.0,8187.2,249305.1,0.0,177647.52,0.0,198557.15,0.0,0.0,0.0,0.0,0.0,1188983.3,0.0,88070.46,0.0,0.0,0.0,0.0,0.0,0.0,0.0,0.0,0.0,0.0,64751.04,0.0,0.0,1199864927.8598733,24.872500000000002
SWCR007-05 Float Temp Ctrl_Ex/runs/CZ02/Gro&0&cDXGF&Ex&Ref_Storage__RefControl/NE-Ref_Storage-RefControl-FixSucTemp-EvapCool/instance-out.sql,CZ02,Gro,0,cDXGF,Ex,Ref_Storage,RefControl,NE-Ref_Storage-RefControl-FixSucTemp-EvapCool,"EnergyPlus, Version 22.2.0-c249759bad, YMD=2024.05.03 23:09",CA_NAPA-CO - USA Custom-724955 WMO#=724955,4644.87,48.29,39.63,0.0,21210.03,249305.1,0.0,177647.52,0.0,203090.06,0.0,0.0,0.0,0.0,0.0,388908.31,0.0,119054.86,0.0,0.0,0.0,0.0,0.0,0.0,0.0,0.0,0.0,0.0,64998.84,0.0,0.0,599922654.8112779,29.13916666666667
SWCR007-05 Float Temp Ctrl_Ex/runs/CZ02/Gro&0&cDXGF&Ex&Ref_Storage__RefControl/NE-Ref_Storage-RefControl-FltSucTemp-AirCool-VSDFan/instance-out.sql,CZ02,Gro,0,cDXGF,Ex,Ref_Storage,RefControl,NE-Ref_Storage-RefControl-FltSucTemp-AirCool-VSDFan,"EnergyPlus, Version 22.2.0-c249759bad, YMD=2024.05.03 23:08",CA_NAPA-CO - USA Custom-724955 WMO#=724955,4644.87,48.29,39.63,0.0,21210.03,249305.1,0.0,177647.52,0.0,203090.06,0.0,0.0,0.0,0.0,0.0,1103568.64,0.0,119054.86,0.0,0.0,0.0,0.0,0.0,0.0,0.0,0.0,0.0,0.0,64998.84,0.0,0.0,1276387696.833837,29.13916666666667
SWCR007-05 Float Temp Ctrl_Ex/runs/CZ03/Gro&0&cDXGF&Ex&Ref_Storage__RefControl/NE-Ref_Storage-RefControl-FixSucTemp-AirCool-VSDFan/instance-out.sql,CZ03,Gro,0,cDXGF,Ex,Ref_Storage,RefControl,NE-Ref_Storage-RefControl-FixSucTemp-AirCool-VSDFan,"EnergyPlus, Version 22.2.0-c249759bad, YMD=2024.05.03 23:11",CA_OAKLAND-METRO-AP - USA Custom-724930 WMO#=724930,4644.87,44.51,32.9,0.0,8187.2,249305.1,0.0,177647.52,0.0,198557.15,0.0,0.0,0.0,0.0,0.0,1183827.77,0.0,88070.46,0.0,0.0,0.0,0.0,0.0,0.0,0.0,0.0,0.0,0.0,64751.04,0.0,0.0,1199864927.8598733,24.872500000000002
SWCR007-05 Float Temp Ctrl_Ex/runs/CZ03/Gro&0&cDXGF&Ex&Ref_Storage__RefControl/NE-Ref_Storage-RefControl-FltSucTemp-AirCool-VSDFan/instance-out.sql,CZ03,Gro,0,cDXGF,Ex,Ref_Storage,RefControl,NE-Ref_Storage-RefControl-FltSucTemp-AirCool-VSDFan,"EnergyPlus, Version 22.2.0-c249759bad, YMD=2024.05.03 23:11",CA_OAKLAND-METRO-AP - USA Custom-724930 WMO#=724930,4644.87,44.51,32.9,0.0,8187.2,249305.1,0.0,177647.52,0.0,198557.15,0.0,0.0,0.0,0.0,0.0,1100272.69,0.0,88070.46,0.0,0.0,0.0,0.0,0.0,0.0,0.0,0.0,0.0,0.0,64751.04,0.0,0.0,1235299325.0909019,24.872500000000002
SWCR007-05 Float Temp Ctrl_Ex/runs/CZ04/Gro&0&cDXGF&Ex&Ref_Storage__RefControl/NE-Ref_Storage-RefControl-FixSucTemp-AirCool-VSDFan/instance-out.sql,CZ04,Gro,0,cDXGF,Ex,Ref_Storage,RefControl,NE-Ref_Storage-RefControl-FixSucTemp-AirCool-VSDFan,"EnergyPlus, Version 22.2.0-c249759bad, YMD=2024.05.03 23:13",CA_SAN-JOSE-IAP - USA Custom-724945 WMO#=724945,4644.87,48.19,29.33,0.0,27559.43,249305.1,0.0,177647.52,0.0,196294.16,0.0,0.0,0.0,0.0,0.0,1240527.25,0.0,73682.35,0.0,0.0,0.0,0.0,0.0,0.0,0.0,0.0,0.0,0.0,62544.39,0.0,0.0,1255861276.311393,30.743750000000002
SWCR007-05 Float Temp Ctrl_Ex/runs/CZ03/Gro&0&cDXGF&Ex&Ref_Storage__RefControl/NE-Ref_Storage-RefControl-FixSucTemp-EvapCool-VSDFan/instance-out.sql,CZ03,Gro,0,cDXGF,Ex,Ref_Storage,RefControl,NE-Ref_Storage-RefControl-FixSucTemp-EvapCool-VSDFan,"EnergyPlus, Version 22.2.0-c249759bad, YMD=2024.05.03 23:12",CA_OAKLAND-METRO-AP - USA Custom-724930 WMO#=724930,4644.87,44.51,32.9,0.0,8187.2,249305.1,0.0,177647.52,0.0,198557.15,0.0,0.0,0.0,0.0,0.0,379521.56,0.0,88070.46,0.0,0.0,0.0,0.0,0.0,0.0,0.0,0.0,0.0,0.0,64751.04,0.0,0.0,550718708.5941782,24.872500000000002
SWCR007-05 Float Temp Ctrl_Ex/runs/CZ04/Gro&0&cDXGF&Ex&Ref_Storage__RefControl/NE-Ref_Storage-RefControl-FixSucTemp-EvapCool/instance-out.sql,CZ04,Gro,0,cDXGF,Ex,Ref_Storage,RefControl,NE-Ref_Storage-RefControl-FixSucTemp-EvapCool,"EnergyPlus, Version 22.2.0-c249759bad, YMD=2024.05.03 23:13",CA_SAN-JOSE-IAP - USA Custom-724945 WMO#=724945,4644.87,48.19,29.33,0.0,27559.43,249305.1,0.0,177647.52,0.0,196294.16,0.0,0.0,0.0,0.0,0.0,385611.16,0.0,73682.35,0.0,0.0,0.0,0.0,0.0,0.0,0.0,0.0,0.0,0.0,62544.39,0.0,0.0,612870364.7873144,30.743750000000002
SWCR007-05 Float Temp Ctrl_Ex/runs/CZ03/Gro&0&cDXGF&Ex&Ref_Storage__RefControl/NE-Ref_Storage-RefControl-FixSucTemp-EvapCool/instance-out.sql,CZ03,Gro,0,cDXGF,Ex,Ref_Storage,RefControl,NE-Ref_Storage-RefControl-FixSucTemp-EvapCool,"EnergyPlus, Version 22.2.0-c249759bad, YMD=2024.05.03 23:12",CA_OAKLAND-METRO-AP - USA Custom-724930 WMO#=724930,4644.87,44.51,32.9,0.0,8187.2,249305.1,0.0,177647.52,0.0,198557.15,0.0,0.0,0.0,0.0,0.0,389155.1,0.0,88070.46,0.0,0.0,0.0,0.0,0.0,0.0,0.0,0.0,0.0,0.0,64751.04,0.0,0.0,556653915.5434723,24.872500000000002
SWCR007-05 Float Temp Ctrl_Ex/runs/CZ04/Gro&0&cDXGF&Ex&Ref_Storage__RefControl/NE-Ref_Storage-RefControl-FltSucTemp-AirCool-VSDFan/instance-out.sql,CZ04,Gro,0,cDXGF,Ex,Ref_Storage,RefControl,NE-Ref_Storage-RefControl-FltSucTemp-AirCool-VSDFan,"EnergyPlus, Version 22.2.0-c249759bad, YMD=2024.05.03 23:13",CA_SAN-JOSE-IAP - USA Custom-724945 WMO#=724945,4644.87,48.19,29.33,0.0,27559.43,249305.1,0.0,177647.52,0.0,196294.16,0.0,0.0,0.0,0.0,0.0,1161557.68,0.0,73682.35,0.0,0.0,0.0,0.0,0.0,0.0,0.0,0.0,0.0,0.0,62544.39,0.0,0.0,1292215382.7512379,30.743750000000002
SWCR007-05 Float Temp Ctrl_Ex/runs/CZ03/Gro&0&cDXGF&Ex&Ref_Storage__RefControl/NE-Ref_Storage-RefControl-FltSucTemp-EvapCool/instance-out.sql,CZ03,Gro,0,cDXGF,Ex,Ref_Storage,RefControl,NE-Ref_Storage-RefControl-FltSucTemp-EvapCool,"EnergyPlus, Version 22.2.0-c249759bad, YMD=2024.05.03 23:11",CA_OAKLAND-METRO-AP - USA Custom-724930 WMO#=724930,4644.87,44.51,32.9,0.0,8187.2,249305.1,0.0,177647.52,0.0,198557.15,0.0,0.0,0.0,0.0,0.0,375809.06,0.0,88070.46,0.0,0.0,0.0,0.0,0.0,0.0,0.0,0.0,0.0,0.0,64751.04,0.0,0.0,549844434.7875268,24.872500000000002
SWCR007-05 Float Temp Ctrl_Ex/runs/CZ04/Gro&0&cDXGF&Ex&Ref_Storage__RefControl/NE-Ref_Storage-RefControl-FltSucTemp-AirCool/instance-out.sql,CZ04,Gro,0,cDXGF,Ex,Ref_Storage,RefControl,NE-Ref_Storage-RefControl-FltSucTemp-AirCool,"EnergyPlus, Version 22.2.0-c249759bad, YMD=2024.05.03 23:12",CA_SAN-JOSE-IAP - USA Custom-724945 WMO#=724945,4644.87,48.19,29.33,0.0,27559.43,249305.1,0.0,177647.52,0.0,196294.16,0.0,0.0,0.0,0.0,0.0,1166562.58,0.0,73682.35,0.0,0.0,0.0,0.0,0.0,0.0,0.0,0.0,0.0,0.0,62544.39,0.0,0.0,1292215382.7512379,30.743750000000002
SWCR007-05 Float Temp Ctrl_Ex/runs/CZ05/Gro&0&cDXGF&Ex&Ref_Storage__RefControl/NE-Ref_Storage-RefControl-FixSucTemp-AirCool/instance-out.sql,CZ05,Gro,0,cDXGF,Ex,Ref_Storage,RefControl,NE-Ref_Storage-RefControl-FixSucTemp-AirCool,"EnergyPlus, Version 22.2.0-c249759bad, YMD=2024.05.03 23:14",CA_SANTA-MARIA-PUBLIC-AP - USA Custom-723940 WMO#=723940,4644.87,43.98,30.57,0.0,11316.24,249305.1,0.0,177647.52,0.0,192948.26,0.0,0.0,0.0,0.0,0.0,1209622.99,0.0,77255.28,0.0,0.0,0.0,0.0,0.0,0.0,0.0,0.0,0.0,0.0,64757.38,0.0,0.0,1177655743.894414,22.315833333333337
SWCR007-05 Float Temp Ctrl_Ex/runs/CZ05/Gro&0&cDXGF&Ex&Ref_Storage__RefControl/NE-Ref_Storage-RefControl-FixSucTemp-AirCool-VSDFan/instance-out.sql,CZ05,Gro,0,cDXGF,Ex,Ref_Storage,RefControl,NE-Ref_Storage-RefControl-FixSucTemp-AirCool-VSDFan,"EnergyPlus, Version 22.2.0-c249759bad, YMD=2024.05.03 23:16",CA_SANTA-MARIA-PUBLIC-AP - USA Custom-723940 WMO#=723940,4644.87,43.98,30.57,0.0,11316.24,249305.1,0.0,177647.52,0.0,192948.26,0.0,0.0,0.0,0.0,0.0,1204192.55,0.0,77255.28,0.0,0.0,0.0,0.0,0.0,0.0,0.0,0.0,0.0,0.0,64757.38,0.0,0.0,1177655743.894414,22.315833333333337
SWCR007-05 Float Temp Ctrl_Ex/runs/CZ05/Gro&0&cDXGF&Ex&Ref_Storage__RefControl/NE-Ref_Storage-RefControl-FixSucTemp-EvapCool-VSDFan/instance-out.sql,CZ05,Gro,0,cDXGF,Ex,Ref_Storage,RefControl,NE-Ref_Storage-RefControl-FixSucTemp-EvapCool-VSDFan,"EnergyPlus, Version 22.2.0-c249759bad, YMD=2024.05.03 23:16",CA_SANTA-MARIA-PUBLIC-AP - USA Custom-723940 WMO#=723940,4644.87,43.98,30.57,0.0,11316.24,249305.1,0.0,177647.52,0.0,192948.26,0.0,0.0,0.0,0.0,0.0,376326.52,0.0,77255.28,0.0,0.0,0.0,0.0,0.0,0.0,0.0,0.0,0.0,0.0,64757.38,0.0,0.0,518241881.8867897,22.315833333333337
SWCR007-05 Float Temp Ctrl_Ex/runs/CZ04/Gro&0&cDXGF&Ex&Ref_Storage__RefControl/NE-Ref_Storage-RefControl-FltSucTemp-EvapCool-VSDFan/instance-out.sql,CZ04,Gro,0,cDXGF,Ex,Ref_Storage,RefControl,NE-Ref_Storage-RefControl-FltSucTemp-EvapCool-VSDFan,"EnergyPlus, Version 22.2.0-c249759bad, YMD=2024.05.03 23:14",CA_SAN-JOSE-IAP - USA Custom-724945 WMO#=724945,4644.87,48.19,29.33,0.0,27559.43,249305.1,0.0,177647.52,0.0,196294.16,0.0,0.0,0.0,0.0,0.0,362590.58,0.0,73682.35,0.0,0.0,0.0,0.0,0.0,0.0,0.0,0.0,0.0,0.0,62544.39,0.0,0.0,601317155.2652301,30.743750000000002
SWCR007-05 Float Temp Ctrl_Ex/runs/CZ04/Gro&0&cDXGF&Ex&Ref_Storage__RefControl/NE-Ref_Storage-RefControl-FltSucTemp-EvapCool/instance-out.sql,CZ04,Gro,0,cDXGF,Ex,Ref_Storage,RefControl,NE-Ref_Storage-RefControl-FltSucTemp-EvapCool,"EnergyPlus, Version 22.2.0-c249759bad, YMD=2024.05.03 23:13",CA_SAN-JOSE-IAP - USA Custom-724945 WMO#=724945,4644.87,48.19,29.33,0.0,27559.43,249305.1,0.0,177647.52,0.0,196294.16,0.0,0.0,0.0,0.0,0.0,372444.2,0.0,73682.35,0.0,0.0,0.0,0.0,0.0,0.0,0.0,0.0,0.0,0.0,62544.39,0.0,0.0,606073338.8979042,30.743750000000002
SWCR007-05 Float Temp Ctrl_Ex/runs/CZ05/Gro&0&cDXGF&Ex&Ref_Storage__RefControl/NE-Ref_Storage-RefControl-FltSucTemp-EvapCool/instance-out.sql,CZ05,Gro,0,cDXGF,Ex,Ref_Storage,RefControl,NE-Ref_Storage-RefControl-FltSucTemp-EvapCool,"EnergyPlus, Version 22.2.0-c249759bad, YMD=2024.05.03 23:16",CA_SANTA-MARIA-PUBLIC-AP - USA Custom-723940 WMO#=723940,4644.87,43.98,30.57,0.0,11316.24,249305.1,0.0,177647.52,0.0,192948.26,0.0,0.0,0.0,0.0,0.0,372668.92,0.0,77255.28,0.0,0.0,0.0,0.0,0.0,0.0,0.0,0.0,0.0,0.0,64757.38,0.0,0.0,515679344.4466773,22.315833333333337
SWCR007-05 Float Temp Ctrl_Ex/runs/CZ04/Gro&0&cDXGF&Ex&Ref_Storage__RefControl/NE-Ref_Storage-RefControl-FixSucTemp-EvapCool-VSDFan/instance-out.sql,CZ04,Gro,0,cDXGF,Ex,Ref_Storage,RefControl,NE-Ref_Storage-RefControl-FixSucTemp-EvapCool-VSDFan,"EnergyPlus, Version 22.2.0-c249759bad, YMD=2024.05.03 23:14",CA_SAN-JOSE-IAP - USA Custom-724945 WMO#=724945,4644.87,48.19,29.33,0.0,27559.43,249305.1,0.0,177647.52,0.0,196294.16,0.0,0.0,0.0,0.0,0.0,375757.53,0.0,73682.35,0.0,0.0,0.0,0.0,0.0,0.0,0.0,0.0,0.0,0.0,62544.39,0.0,0.0,608114181.1546402,30.743750000000002
SWCR007-05 Float Temp Ctrl_Ex/runs/CZ06/Gro&0&cDXGF&Ex&Ref_Storage__RefControl/NE-Ref_Storage-RefControl-FixSucTemp-EvapCool/instance-out.sql,CZ06,Gro,0,cDXGF,Ex,Ref_Storage,RefControl,NE-Ref_Storage-RefControl-FixSucTemp-EvapCool,"EnergyPlus, Version 22.2.0-c249759bad, YMD=2024.05.03 23:18",CA_LOS-ANGELES-IAP - USA Custom-722950 WMO#=722950,4644.87,42.46,17.83,0.0,21396.43,249305.1,0.0,177647.52,0.0,175810.17,0.0,0.0,0.0,0.0,0.0,424648.74,0.0,23153.67,0.0,0.0,0.0,0.0,0.0,0.0,0.0,0.0,0.0,0.0,59685.16,0.0,0.0,497757048.40035045,22.54083333333333
SWCR007-05 Float Temp Ctrl_Ex/runs/CZ05/Gro&0&cDXGF&Ex&Ref_Storage__RefControl/NE-Ref_Storage-RefControl-FltSucTemp-EvapCool-VSDFan/instance-out.sql,CZ05,Gro,0,cDXGF,Ex,Ref_Storage,RefControl,NE-Ref_Storage-RefControl-FltSucTemp-EvapCool-VSDFan,"EnergyPlus, Version 22.2.0-c249759bad, YMD=2024.05.03 23:16",CA_SANTA-MARIA-PUBLIC-AP - USA Custom-723940 WMO#=723940,4644.87,43.98,30.57,0.0,11316.24,249305.1,0.0,177647.52,0.0,192948.26,0.0,0.0,0.0,0.0,0.0,363045.86,0.0,77255.28,0.0,0.0,0.0,0.0,0.0,0.0,0.0,0.0,0.0,0.0,64757.38,0.0,0.0,511737414.463063,22.315833333333337
SWCR007-05 Float Temp Ctrl_Ex/runs/CZ05/Gro&0&cDXGF&Ex&Ref_Storage__RefControl/NE-Ref_Storage-RefControl-FixSucTemp-EvapCool/instance-out.sql,CZ05,Gro,0,cDXGF,Ex,Ref_Storage,RefControl,NE-Ref_Storage-RefControl-FixSucTemp-EvapCool,"EnergyPlus, Version 22.2.0-c249759bad, YMD=2024.05.03 23:16",CA_SANTA-MARIA-PUBLIC-AP - USA Custom-723940 WMO#=723940,4644.87,43.98,30.57,0.0,11316.24,249305.1,0.0,177647.52,0.0,192948.26,0.0,0.0,0.0,0.0,0.0,385949.59,0.0,77255.28,0.0,0.0,0.0,0.0,0.0,0.0,0.0,0.0,0.0,0.0,64757.38,0.0,0.0,522183811.870404,22.315833333333337
SWCR007-05 Float Temp Ctrl_Ex/runs/CZ06/Gro&0&cDXGF&Ex&Ref_Storage__RefControl/NE-Ref_Storage-RefControl-FltSucTemp-AirCool/instance-out.sql,CZ06,Gro,0,cDXGF,Ex,Ref_Storage,RefControl,NE-Ref_Storage-RefControl-FltSucTemp-AirCool,"EnergyPlus, Version 22.2.0-c249759bad, YMD=2024.05.03 23:17",CA_LOS-ANGELES-IAP - USA Custom-722950 WMO#=722950,4644.87,42.46,17.83,0.0,21396.43,249305.1,0.0,177647.52,0.0,175810.17,0.0,0.0,0.0,0.0,0.0,1438874.05,0.0,23153.67,0.0,0.0,0.0,0.0,0.0,0.0,0.0,0.0,0.0,0.0,59685.16,0.0,0.0,1170265959.1851459,22.54083333333333
SWCR007-05 Float Temp Ctrl_Ex/runs/CZ06/Gro&0&cDXGF&Ex&Ref_Storage__RefControl/NE-Ref_Storage-RefControl-FixSucTemp-AirCool-VSDFan/instance-out.sql,CZ06,Gro,0,cDXGF,Ex,Ref_Storage,RefControl,NE-Ref_Storage-RefControl-FixSucTemp-AirCool-VSDFan,"EnergyPlus, Version 22.2.0-c249759bad, YMD=2024.05.03 23:17",CA_LOS-ANGELES-IAP - USA Custom-722950 WMO#=722950,4644.87,42.46,17.83,0.0,21396.43,249305.1,0.0,177647.52,0.0,175810.17,0.0,0.0,0.0,0.0,0.0,1519012.69,0.0,23153.67,0.0,0.0,0.0,0.0,0.0,0.0,0.0,0.0,0.0,0.0,59685.16,0.0,0.0,1136849955.1387918,22.54083333333333
SWCR007-05 Float Temp Ctrl_Ex/runs/CZ06/Gro&0&cDXGF&Ex&Ref_Storage__RefControl/NE-Ref_Storage-RefControl-FixSucTemp-AirCool/instance-out.sql,CZ06,Gro,0,cDXGF,Ex,Ref_Storage,RefControl,NE-Ref_Storage-RefControl-FixSucTemp-AirCool,"EnergyPlus, Version 22.2.0-c249759bad, YMD=2024.05.03 23:17",CA_LOS-ANGELES-IAP - USA Custom-722950 WMO#=722950,4644.87,42.46,17.83,0.0,21396.43,249305.1,0.0,177647.52,0.0,175810.17,0.0,0.0,0.0,0.0,0.0,1521565.15,0.0,23153.67,0.0,0.0,0.0,0.0,0.0,0.0,0.0,0.0,0.0,0.0,59685.16,0.0,0.0,1136849955.1387918,22.54083333333333
SWCR007-05 Float Temp Ctrl_Ex/runs/CZ06/Gro&0&cDXGF&Ex&Ref_Storage__RefControl/NE-Ref_Storage-RefControl-FixSucTemp-EvapCool-VSDFan/instance-out.sql,CZ06,Gro,0,cDXGF,Ex,Ref_Storage,RefControl,NE-Ref_Storage-RefControl-FixSucTemp-EvapCool-VSDFan,"EnergyPlus, Version 22.2.0-c249759bad, YMD=2024.05.03 23:19",CA_LOS-ANGELES-IAP - USA Custom-722950 WMO#=722950,4644.87,42.46,17.83,0.0,21396.43,249305.1,0.0,177647.52,0.0,175810.17,0.0,0.0,0.0,0.0,0.0,413152.68,0.0,23153.67,0.0,0.0,0.0,0.0,0.0,0.0,0.0,0.0,0.0,0.0,59685.16,0.0,0.0,488780594.2446158,22.54083333333333
SWCR007-05 Float Temp Ctrl_Ex/runs/CZ07/Gro&0&cDXGF&Ex&Ref_Storage__RefControl/NE-Ref_Storage-RefControl-FltSucTemp-EvapCool/instance-out.sql,CZ07,Gro,0,cDXGF,Ex,Ref_Storage,RefControl,NE-Ref_Storage-RefControl-FltSucTemp-EvapCool,"EnergyPlus, Version 22.2.0-c249759bad, YMD=2024.05.03 23:20",CA_SAN-DIEGO-LINDBERGH-F - USA Custom-722900 WMO#=722900,4644.87,42.66,17.54,0.0,27861.22,249305.1,0.0,177647.52,0.0,170302.15,0.0,0.0,0.0,0.0,0.0,404308.48,0.0,22514.57,0.0,0.0,0.0,0.0,0.0,0.0,0.0,0.0,0.0,0.0,58943.86,0.0,0.0,524054641.85780454,24.621666666666666
SWCR007-05 Float Temp Ctrl_Ex/runs/CZ07/Gro&0&cDXGF&Ex&Ref_Storage__RefControl/NE-Ref_Storage-RefControl-FixSucTemp-AirCool/instance-out.sql,CZ07,Gro,0,cDXGF,Ex,Ref_Storage,RefControl,NE-Ref_Storage-RefControl-FixSucTemp-AirCool,"EnergyPlus, Version 22.2.0-c249759bad, YMD=2024.05.03 23:19",CA_SAN-DIEGO-LINDBERGH-F - USA Custom-722900 WMO#=722900,4644.87,42.66,17.54,0.0,27861.22,249305.1,0.0,177647.52,0.0,170302.15,0.0,0.0,0.0,0.0,0.0,1499190.41,0.0,22514.57,0.0,0.0,0.0,0.0,0.0,0.0,0.0,0.0,0.0,0.0,58943.86,0.0,0.0,1161924613.1383483,24.621666666666666
SWCR007-05 Float Temp Ctrl_Ex/runs/CZ07/Gro&0&cDXGF&Ex&Ref_Storage__RefControl/NE-Ref_Storage-RefControl-FixSucTemp-EvapCool/instance-out.sql,CZ07,Gro,0,cDXGF,Ex,Ref_Storage,RefControl,NE-Ref_Storage-RefControl-FixSucTemp-EvapCool,"EnergyPlus, Version 22.2.0-c249759bad, YMD=2024.05.03 23:21",CA_SAN-DIEGO-LINDBERGH-F - USA Custom-722900 WMO#=722900,4644.87,42.66,17.54,0.0,27861.22,249305.1,0.0,177647.52,0.0,170302.15,0.0,0.0,0.0,0.0,0.0,417643.02,0.0,22514.57,0.0,0.0,0.0,0.0,0.0,0.0,0.0,0.0,0.0,0.0,58943.86,0.0,0.0,530531488.678777,24.621666666666666
SWCR007-05 Float Temp Ctrl_Ex/runs/CZ06/Gro&0&cDXGF&Ex&Ref_Storage__RefControl/NE-Ref_Storage-RefControl-FltSucTemp-EvapCool/instance-out.sql,CZ06,Gro,0,cDXGF,Ex,Ref_Storage,RefControl,NE-Ref_Storage-RefControl-FltSucTemp-EvapCool,"EnergyPlus, Version 22.2.0-c249759bad, YMD=2024.05.03 23:18",CA_LOS-ANGELES-IAP - USA Custom-722950 WMO#=722950,4644.87,42.46,17.83,0.0,21396.43,249305.1,0.0,177647.52,0.0,175810.17,0.0,0.0,0.0,0.0,0.0,411338.88,0.0,23153.67,0.0,0.0,0.0,0.0,0.0,0.0,0.0,0.0,0.0,0.0,59685.16,0.0,0.0,491233586.8465776,22.54083333333333
SWCR007-05 Float Temp Ctrl_Ex/runs/CZ06/Gro&0&cDXGF&Ex&Ref_Storage__RefControl/NE-Ref_Storage-RefControl-FltSucTemp-EvapCool-VSDFan/instance-out.sql,CZ06,Gro,0,cDXGF,Ex,Ref_Storage,RefControl,NE-Ref_Storage-RefControl-FltSucTemp-EvapCool-VSDFan,"EnergyPlus, Version 22.2.0-c249759bad, YMD=2024.05.03 23:18",CA_LOS-ANGELES-IAP - USA Custom-722950 WMO#=722950,4644.87,42.46,17.83,0.0,21396.43,249305.1,0.0,177647.52,0.0,175810.17,0.0,0.0,0.0,0.0,0.0,399842.82,0.0,23153.67,0.0,0.0,0.0,0.0,0.0,0.0,0.0,0.0,0.0,0.0,59685.16,0.0,0.0,482257132.69084305,22.54083333333333
SWCR007-05 Float Temp Ctrl_Ex/runs/CZ05/Gro&0&cDXGF&Ex&Ref_Storage__RefControl/NE-Ref_Storage-RefControl-FltSucTemp-AirCool-VSDFan/instance-out.sql,CZ05,Gro,0,cDXGF,Ex,Ref_Storage,RefControl,NE-Ref_Storage-RefControl-FltSucTemp-AirCool-VSDFan,"EnergyPlus, Version 22.2.0-c249759bad, YMD=2024.05.03 23:14",CA_SANTA-MARIA-PUBLIC-AP - USA Custom-723940 WMO#=723940,4644.87,43.98,30.57,0.0,11316.24,249305.1,0.0,177647.52,0.0,192948.26,0.0,0.0,0.0,0.0,0.0,1144337.37,0.0,77255.28,0.0,0.0,0.0,0.0,0.0,0.0,0.0,0.0,0.0,0.0,64757.38,0.0,0.0,1213225928.199768,22.315833333333337
SWCR007-05 Float Temp Ctrl_Ex/runs/CZ08/Gro&0&cDXGF&Ex&Ref_Storage__RefControl/NE-Ref_Storage-RefControl-FixSucTemp-AirCool/instance-out.sql,CZ08,Gro,0,cDXGF,Ex,Ref_Storage,RefControl,NE-Ref_Storage-RefControl-FixSucTemp-AirCool,"EnergyPlus, Version 22.2.0-c249759bad, YMD=2024.05.03 23:22",CA_LONG-BEACH-DAUGHERTY- - USA Custom-722970 WMO#=722970,4644.87,46.95,18.86,0.0,38848.51,249305.1,0.0,177647.52,0.0,179216.63,0.0,0.0,0.0,0.0,0.0,1466124.64,0.0,28755.67,0.0,0.0,0.0,0.0,0.0,0.0,0.0,0.0,0.0,0.0,58840.93,0.0,0.0,1158608442.0786679,27.188333333333336
SWCR007-05 Float Temp Ctrl_Ex/runs/CZ05/Gro&0&cDXGF&Ex&Ref_Storage__RefControl/NE-Ref_Storage-RefControl-FltSucTemp-AirCool/instance-out.sql,CZ05,Gro,0,cDXGF,Ex,Ref_Storage,RefControl,NE-Ref_Storage-RefControl-FltSucTemp-AirCool,"EnergyPlus, Version 22.2.0-c249759bad, YMD=2024.05.03 23:14",CA_SANTA-MARIA-PUBLIC-AP - USA Custom-723940 WMO#=723940,4644.87,43.98,30.57,0.0,11316.24,249305.1,0.0,177647.52,0.0,192948.26,0.0,0.0,0.0,0.0,0.0,1150260.41,0.0,77255.28,0.0,0.0,0.0,0.0,0.0,0.0,0.0,0.0,0.0,0.0,64757.38,0.0,0.0,1213225928.199768,22.315833333333337
SWCR007-05 Float Temp Ctrl_Ex/runs/CZ07/Gro&0&cDXGF&Ex&Ref_Storage__RefControl/NE-Ref_Storage-RefControl-FltSucTemp-AirCool/instance-out.sql,CZ07,Gro,0,cDXGF,Ex,Ref_Storage,RefControl,NE-Ref_Storage-RefControl-FltSucTemp-AirCool,"EnergyPlus, Version 22.2.0-c249759bad, YMD=2024.05.03 23:19",CA_SAN-DIEGO-LINDBERGH-F - USA Custom-722900 WMO#=722900,4644.87,42.66,17.54,0.0,27861.22,249305.1,0.0,177647.52,0.0,170302.15,0.0,0.0,0.0,0.0,0.0,1416155.04,0.0,22514.57,0.0,0.0,0.0,0.0,0.0,0.0,0.0,0.0,0.0,0.0,58943.86,0.0,0.0,1192990916.3013868,24.621666666666666
SWCR007-05 Float Temp Ctrl_Ex/runs/CZ08/Gro&0&cDXGF&Ex&Ref_Storage__RefControl/NE-Ref_Storage-RefControl-FltSucTemp-AirCool/instance-out.sql,CZ08,Gro,0,cDXGF,Ex,Ref_Storage,RefControl,NE-Ref_Storage-RefControl-FltSucTemp-AirCool,"EnergyPlus, Version 22.2.0-c249759bad, YMD=2024.05.03 23:21",CA_LONG-BEACH-DAUGHERTY- - USA Custom-722970 WMO#=722970,4644.87,46.95,18.86,0.0,38848.51,249305.1,0.0,177647.52,0.0,179216.63,0.0,0.0,0.0,0.0,0.0,1390912.44,0.0,28755.67,0.0,0.0,0.0,0.0,0.0,0.0,0.0,0.0,0.0,0.0,58840.93,0.0,0.0,1195080132.4409938,27.188333333333336
SWCR007-05 Float Temp Ctrl_Ex/runs/CZ06/Gro&0&cDXGF&Ex&Ref_Storage__RefControl/NE-Ref_Storage-RefControl-FltSucTemp-AirCool-VSDFan/instance-out.sql,CZ06,Gro,0,cDXGF,Ex,Ref_Storage,RefControl,NE-Ref_Storage-RefControl-FltSucTemp-AirCool-VSDFan,"EnergyPlus, Version 22.2.0-c249759bad, YMD=2024.05.03 23:17",CA_LOS-ANGELES-IAP - USA Custom-722950 WMO#=722950,4644.87,42.46,17.83,0.0,21396.43,249305.1,0.0,177647.52,0.0,175810.17,0.0,0.0,0.0,0.0,0.0,1435909.76,0.0,23153.67,0.0,0.0,0.0,0.0,0.0,0.0,0.0,0.0,0.0,0.0,59685.16,0.0,0.0,1170265959.1851459,22.54083333333333
SWCR007-05 Float Temp Ctrl_Ex/runs/CZ08/Gro&0&cDXGF&Ex&Ref_Storage__RefControl/NE-Ref_Storage-RefControl-FixSucTemp-EvapCool-VSDFan/instance-out.sql,CZ08,Gro,0,cDXGF,Ex,Ref_Storage,RefControl,NE-Ref_Storage-RefControl-FixSucTemp-EvapCool-VSDFan,"EnergyPlus, Version 22.2.0-c249759bad, YMD=2024.05.03 23:23",CA_LONG-BEACH-DAUGHERTY- - USA Custom-722970 WMO#=722970,4644.87,46.95,18.86,0.0,38848.51,249305.1,0.0,177647.52,0.0,179216.63,0.0,0.0,0.0,0.0,0.0,399499.21,0.0,28755.67,0.0,0.0,0.0,0.0,0.0,0.0,0.0,0.0,0.0,0.0,58840.93,0.0,0.0,506297015.8909291,27.188333333333336
SWCR007-05 Float Temp Ctrl_Ex/runs/CZ08/Gro&0&cDXGF&Ex&Ref_Storage__RefControl/NE-Ref_Storage-RefControl-FixSucTemp-EvapCool/instance-out.sql,CZ08,Gro,0,cDXGF,Ex,Ref_Storage,RefControl,NE-Ref_Storage-RefControl-FixSucTemp-EvapCool,"EnergyPlus, Version 22.2.0-c249759bad, YMD=2024.05.03 23:23",CA_LONG-BEACH-DAUGHERTY- - USA Custom-722970 WMO#=722970,4644.87,46.95,18.86,0.0,38848.51,249305.1,0.0,177647.52,0.0,179216.63,0.0,0.0,0.0,0.0,0.0,409969.01,0.0,28755.67,0.0,0.0,0.0,0.0,0.0,0.0,0.0,0.0,0.0,0.0,58840.93,0.0,0.0,514328307.8157351,27.188333333333336
SWCR007-05 Float Temp Ctrl_Ex/runs/CZ07/Gro&0&cDXGF&Ex&Ref_Storage__RefControl/NE-Ref_Storage-RefControl-FixSucTemp-EvapCool-VSDFan/instance-out.sql,CZ07,Gro,0,cDXGF,Ex,Ref_Storage,RefControl,NE-Ref_Storage-RefControl-FixSucTemp-EvapCool-VSDFan,"EnergyPlus, Version 22.2.0-c249759bad, YMD=2024.05.03 23:21",CA_SAN-DIEGO-LINDBERGH-F - USA Custom-722900 WMO#=722900,4644.87,42.66,17.54,0.0,27861.22,249305.1,0.0,177647.52,0.0,170302.15,0.0,0.0,0.0,0.0,0.0,407487.56,0.0,22514.57,0.0,0.0,0.0,0.0,0.0,0.0,0.0,0.0,0.0,0.0,58943.86,0.0,0.0,530531488.678777,24.621666666666666
SWCR007-05 Float Temp Ctrl_Ex/runs/CZ07/Gro&0&cDXGF&Ex&Ref_Storage__RefControl/NE-Ref_Storage-RefControl-FltSucTemp-AirCool-VSDFan/instance-out.sql,CZ07,Gro,0,cDXGF,Ex,Ref_Storage,RefControl,NE-Ref_Storage-RefControl-FltSucTemp-AirCool-VSDFan,"EnergyPlus, Version 22.2.0-c249759bad, YMD=2024.05.03 23:20",CA_SAN-DIEGO-LINDBERGH-F - USA Custom-722900 WMO#=722900,4644.87,42.66,17.54,0.0,27861.22,249305.1,0.0,177647.52,0.0,170302.15,0.0,0.0,0.0,0.0,0.0,1413450.28,0.0,22514.57,0.0,0.0,0.0,0.0,0.0,0.0,0.0,0.0,0.0,0.0,58943.86,0.0,0.0,1192990916.3013868,24.621666666666666
SWCR007-05 Float Temp Ctrl_Ex/runs/CZ07/Gro&0&cDXGF&Ex&Ref_Storage__RefControl/NE-Ref_Storage-RefControl-FltSucTemp-EvapCool-VSDFan/instance-out.sql,CZ07,Gro,0,cDXGF,Ex,Ref_Storage,RefControl,NE-Ref_Storage-RefControl-FltSucTemp-EvapCool-VSDFan,"EnergyPlus, Version 22.2.0-c249759bad, YMD=2024.05.03 23:21",CA_SAN-DIEGO-LINDBERGH-F - USA Custom-722900 WMO#=722900,4644.87,42.66,17.54,0.0,27861.22,249305.1,0.0,177647.52,0.0,170302.15,0.0,0.0,0.0,0.0,0.0,394153.01,0.0,22514.57,0.0,0.0,0.0,0.0,0.0,0.0,0.0,0.0,0.0,0.0,58943.86,0.0,0.0,524054641.85780454,24.621666666666666
SWCR007-05 Float Temp Ctrl_Ex/runs/CZ07/Gro&0&cDXGF&Ex&Ref_Storage__RefControl/NE-Ref_Storage-RefControl-FixSucTemp-AirCool-VSDFan/instance-out.sql,CZ07,Gro,0,cDXGF,Ex,Ref_Storage,RefControl,NE-Ref_Storage-RefControl-FixSucTemp-AirCool-VSDFan,"EnergyPlus, Version 22.2.0-c249759bad, YMD=2024.05.03 23:19",CA_SAN-DIEGO-LINDBERGH-F - USA Custom-722900 WMO#=722900,4644.87,42.66,17.54,0.0,27861.22,249305.1,0.0,177647.52,0.0,170302.15,0.0,0.0,0.0,0.0,0.0,1496786.13,0.0,22514.57,0.0,0.0,0.0,0.0,0.0,0.0,0.0,0.0,0.0,0.0,58943.86,0.0,0.0,1161924613.1383483,24.621666666666666
SWCR007-05 Float Temp Ctrl_Ex/runs/CZ08/Gro&0&cDXGF&Ex&Ref_Storage__RefControl/NE-Ref_Storage-RefControl-FixSucTemp-AirCool-VSDFan/instance-out.sql,CZ08,Gro,0,cDXGF,Ex,Ref_Storage,RefControl,NE-Ref_Storage-RefControl-FixSucTemp-AirCool-VSDFan,"EnergyPlus, Version 22.2.0-c249759bad, YMD=2024.05.03 23:22",CA_LONG-BEACH-DAUGHERTY- - USA Custom-722970 WMO#=722970,4644.87,46.95,18.86,0.0,38848.51,249305.1,0.0,177647.52,0.0,179216.63,0.0,0.0,0.0,0.0,0.0,1463172.16,0.0,28755.67,0.0,0.0,0.0,0.0,0.0,0.0,0.0,0.0,0.0,0.0,58840.93,0.0,0.0,1158608442.0786679,27.188333333333336
SWCR007-05 Float Temp Ctrl_Ex/runs/CZ10/Gro&0&cDXGF&Ex&Ref_Storage__RefControl/NE-Ref_Storage-RefControl-FixSucTemp-EvapCool-VSDFan/instance-out.sql,CZ10,Gro,0,cDXGF,Ex,Ref_Storage,RefControl,NE-Ref_Storage-RefControl-FixSucTemp-EvapCool-VSDFan,"EnergyPlus, Version 22.2.0-c249759bad, YMD=2024.05.03 23:28",CA_RIVERSIDE-MUNI - USA Custom-722869 WMO#=722869,4644.87,54.03,21.89,0.0,69990.56,249305.1,0.0,177647.52,0.0,180949.21,0.0,0.0,0.0,0.0,0.0,381022.88,0.0,44106.31,0.0,0.0,0.0,0.0,0.0,0.0,0.0,0.0,0.0,0.0,57573.1,0.0,0.0,689707557.0673785,33.98041666666667
SWCR007-05 Float Temp Ctrl_Ex/runs/CZ10/Gro&0&cDXGF&Ex&Ref_Storage__RefControl/NE-Ref_Storage-RefControl-FixSucTemp-AirCool/instance-out.sql,CZ10,Gro,0,cDXGF,Ex,Ref_Storage,RefControl,NE-Ref_Storage-RefControl-FixSucTemp-AirCool,"EnergyPlus, Version 22.2.0-c249759bad, YMD=2024.05.03 23:26",CA_RIVERSIDE-MUNI - USA Custom-722869 WMO#=722869,4644.87,54.03,21.89,0.0,69990.56,249305.1,0.0,177647.52,0.0,180949.21,0.0,0.0,0.0,0.0,0.0,1449797.71,0.0,44106.31,0.0,0.0,0.0,0.0,0.0,0.0,0.0,0.0,0.0,0.0,57573.1,0.0,0.0,1323943908.4531293,33.98041666666667
SWCR007-05 Float Temp Ctrl_Ex/runs/CZ10/Gro&0&cDXGF&Ex&Ref_Storage__RefControl/NE-Ref_Storage-RefControl-FixSucTemp-EvapCool/instance-out.sql,CZ10,Gro,0,cDXGF,Ex,Ref_Storage,RefControl,NE-Ref_Storage-RefControl-FixSucTemp-EvapCool,"EnergyPlus, Version 22.2.0-c249759bad, YMD=2024.05.03 23:27",CA_RIVERSIDE-MUNI - USA Custom-722869 WMO#=722869,4644.87,54.03,21.89,0.0,69990.56,249305.1,0.0,177647.52,0.0,180949.21,0.0,0.0,0.0,0.0,0.0,390979.35,0.0,44106.31,0.0,0.0,0.0,0.0,0.0,0.0,0.0,0.0,0.0,0.0,57573.1,0.0,0.0,689865691.0274314,33.98041666666667
SWCR007-05 Float Temp Ctrl_Ex/runs/CZ10/Gro&0&cDXGF&Ex&Ref_Storage__RefControl/NE-Ref_Storage-RefControl-FixSucTemp-AirCool-VSDFan/instance-out.sql,CZ10,Gro,0,cDXGF,Ex,Ref_Storage,RefControl,NE-Ref_Storage-RefControl-FixSucTemp-AirCool-VSDFan,"EnergyPlus, Version 22.2.0-c249759bad, YMD=2024.05.03 23:27",CA_RIVERSIDE-MUNI - USA Custom-722869 WMO#=722869,4644.87,54.03,21.89,0.0,69990.56,249305.1,0.0,177647.52,0.0,180949.21,0.0,0.0,0.0,0.0,0.0,1446847.42,0.0,44106.31,0.0,0.0,0.0,0.0,0.0,0.0,0.0,0.0,0.0,0.0,57573.1,0.0,0.0,1323943908.4531293,33.98041666666667
SWCR007-05 Float Temp Ctrl_Ex/runs/CZ09/Gro&0&cDXGF&Ex&Ref_Storage__RefControl/NE-Ref_Storage-RefControl-FixSucTemp-AirCool-VSDFan/instance-out.sql,CZ09,Gro,0,cDXGF,Ex,Ref_Storage,RefControl,NE-Ref_Storage-RefControl-FixSucTemp-AirCool-VSDFan,"EnergyPlus, Version 22.2.0-c249759bad, YMD=2024.05.03 23:25",CA_LOS-ANGELES-DOWNTOWN- - USA Custom-722874 WMO#=722874,4644.87,51.01,17.47,0.0,48679.97,249305.1,0.0,177647.52,0.0,188263.09,0.0,0.0,0.0,0.0,0.0,1493282.67,0.0,23127.61,0.0,0.0,0.0,0.0,0.0,0.0,0.0,0.0,0.0,0.0,58039.25,0.0,0.0,1184074576.2978113,27.247083333333336
SWCR007-05 Float Temp Ctrl_Ex/runs/CZ09/Gro&0&cDXGF&Ex&Ref_Storage__RefControl/NE-Ref_Storage-RefControl-FixSucTemp-EvapCool/instance-out.sql,CZ09,Gro,0,cDXGF,Ex,Ref_Storage,RefControl,NE-Ref_Storage-RefControl-FixSucTemp-EvapCool,"EnergyPlus, Version 22.2.0-c249759bad, YMD=2024.05.03 23:25",CA_LOS-ANGELES-DOWNTOWN- - USA Custom-722874 WMO#=722874,4644.87,51.01,17.47,0.0,48679.97,249305.1,0.0,177647.52,0.0,188263.09,0.0,0.0,0.0,0.0,0.0,410140.55,0.0,23127.61,0.0,0.0,0.0,0.0,0.0,0.0,0.0,0.0,0.0,0.0,58039.25,0.0,0.0,544797522.1398561,27.247083333333336
SWCR007-05 Float Temp Ctrl_Ex/runs/CZ11/Gro&0&cDXGF&Ex&Ref_Storage__RefControl/NE-Ref_Storage-RefControl-FixSucTemp-EvapCool/instance-out.sql,CZ11,Gro,0,cDXGF,Ex,Ref_Storage,RefControl,NE-Ref_Storage-RefControl-FixSucTemp-EvapCool,"EnergyPlus, Version 22.2.0-c249759bad, YMD=2024.05.03 23:30",CA_RED-BLUFF-MUNI-AP - USA Custom-725910 WMO#=725910,4644.87,63.24,35.08,0.0,82760.41,249305.1,0.0,177647.52,0.0,210991.94,0.0,0.0,0.0,0.0,0.0,372289.26,0.0,104040.81,0.0,0.0,0.0,0.0,0.0,0.0,0.0,0.0,0.0,0.0,58882.46,0.0,0.0,764263577.715274,39.11875
SWCR007-05 Float Temp Ctrl_Ex/runs/CZ11/Gro&0&cDXGF&Ex&Ref_Storage__RefControl/NE-Ref_Storage-RefControl-FixSucTemp-AirCool-VSDFan/instance-out.sql,CZ11,Gro,0,cDXGF,Ex,Ref_Storage,RefControl,NE-Ref_Storage-RefControl-FixSucTemp-AirCool-VSDFan,"EnergyPlus, Version 22.2.0-c249759bad, YMD=2024.05.03 23:29",CA_RED-BLUFF-MUNI-AP - USA Custom-725910 WMO#=725910,4644.87,63.24,35.08,0.0,82760.41,249305.1,0.0,177647.52,0.0,210991.94,0.0,0.0,0.0,0.0,0.0,1291516.75,0.0,104040.81,0.0,0.0,0.0,0.0,0.0,0.0,0.0,0.0,0.0,0.0,58882.46,0.0,0.0,1407645751.9433572,39.11875
SWCR007-05 Float Temp Ctrl_Ex/runs/CZ11/Gro&0&cDXGF&Ex&Ref_Storage__RefControl/NE-Ref_Storage-RefControl-FixSucTemp-AirCool/instance-out.sql,CZ11,Gro,0,cDXGF,Ex,Ref_Storage,RefControl,NE-Ref_Storage-RefControl-FixSucTemp-AirCool,"EnergyPlus, Version 22.2.0-c249759bad, YMD=2024.05.03 23:28",CA_RED-BLUFF-MUNI-AP - USA Custom-725910 WMO#=725910,4644.87,63.24,35.08,0.0,82760.41,249305.1,0.0,177647.52,0.0,210991.94,0.0,0.0,0.0,0.0,0.0,1295087.73,0.0,104040.81,0.0,0.0,0.0,0.0,0.0,0.0,0.0,0.0,0.0,0.0,58882.46,0.0,0.0,1407645751.9433572,39.11875
SWCR007-05 Float Temp Ctrl_Ex/runs/CZ10/Gro&0&cDXGF&Ex&Ref_Storage__RefControl/NE-Ref_Storage-RefControl-FltSucTemp-EvapCool/instance-out.sql,CZ10,Gro,0,cDXGF,Ex,Ref_Storage,RefControl,NE-Ref_Storage-RefControl-FltSucTemp-EvapCool,"EnergyPlus, Version 22.2.0-c249759bad, YMD=2024.05.03 23:27",CA_RIVERSIDE-MUNI - USA Custom-722869 WMO#=722869,4644.87,54.03,21.89,0.0,69990.56,249305.1,0.0,177647.52,0.0,180949.21,0.0,0.0,0.0,0.0,0.0,378084.97,0.0,44106.31,0.0,0.0,0.0,0.0,0.0,0.0,0.0,0.0,0.0,0.0,57573.1,0.0,0.0,682818435.201191,33.98041666666667
SWCR007-05 Float Temp Ctrl_Ex/runs/CZ11/Gro&0&cDXGF&Ex&Ref_Storage__RefControl/NE-Ref_Storage-RefControl-FixSucTemp-EvapCool-VSDFan/instance-out.sql,CZ11,Gro,0,cDXGF,Ex,Ref_Storage,RefControl,NE-Ref_Storage-RefControl-FixSucTemp-EvapCool-VSDFan,"EnergyPlus, Version 22.2.0-c249759bad, YMD=2024.05.03 23:30",CA_RED-BLUFF-MUNI-AP - USA Custom-725910 WMO#=725910,4644.87,63.24,35.08,0.0,82760.41,249305.1,0.0,177647.52,0.0,210991.94,0.0,0.0,0.0,0.0,0.0,362510.55,0.0,104040.81,0.0,0.0,0.0,0.0,0.0,0.0,0.0,0.0,0.0,0.0,58882.46,0.0,0.0,761869906.8601741,39.11875
SWCR007-05 Float Temp Ctrl_Ex/runs/CZ09/Gro&0&cDXGF&Ex&Ref_Storage__RefControl/NE-Ref_Storage-RefControl-FltSucTemp-EvapCool/instance-out.sql,CZ09,Gro,0,cDXGF,Ex,Ref_Storage,RefControl,NE-Ref_Storage-RefControl-FltSucTemp-EvapCool,"EnergyPlus, Version 22.2.0-c249759bad, YMD=2024.05.03 23:25",CA_LOS-ANGELES-DOWNTOWN- - USA Custom-722874 WMO#=722874,4644.87,51.01,17.47,0.0,48679.97,249305.1,0.0,177647.52,0.0,188263.09,0.0,0.0,0.0,0.0,0.0,397019.12,0.0,23127.61,0.0,0.0,0.0,0.0,0.0,0.0,0.0,0.0,0.0,0.0,58039.25,0.0,0.0,538051504.7092003,27.247083333333336
SWCR007-05 Float Temp Ctrl_Ex/runs/CZ08/Gro&0&cDXGF&Ex&Ref_Storage__RefControl/NE-Ref_Storage-RefControl-FltSucTemp-EvapCool/instance-out.sql,CZ08,Gro,0,cDXGF,Ex,Ref_Storage,RefControl,NE-Ref_Storage-RefControl-FltSucTemp-EvapCool,"EnergyPlus, Version 22.2.0-c249759bad, YMD=2024.05.03 23:22",CA_LONG-BEACH-DAUGHERTY- - USA Custom-722970 WMO#=722970,4644.87,46.95,18.86,0.0,38848.51,249305.1,0.0,177647.52,0.0,179216.63,0.0,0.0,0.0,0.0,0.0,396768.74,0.0,28755.67,0.0,0.0,0.0,0.0,0.0,0.0,0.0,0.0,0.0,0.0,58840.93,0.0,0.0,507485453.9292658,27.188333333333336
SWCR007-05 Float Temp Ctrl_Ex/runs/CZ09/Gro&0&cDXGF&Ex&Ref_Storage__RefControl/NE-Ref_Storage-RefControl-FltSucTemp-EvapCool-VSDFan/instance-out.sql,CZ09,Gro,0,cDXGF,Ex,Ref_Storage,RefControl,NE-Ref_Storage-RefControl-FltSucTemp-EvapCool-VSDFan,"EnergyPlus, Version 22.2.0-c249759bad, YMD=2024.05.03 23:26",CA_LOS-ANGELES-DOWNTOWN- - USA Custom-722874 WMO#=722874,4644.87,51.01,17.47,0.0,48679.97,249305.1,0.0,177647.52,0.0,188263.09,0.0,0.0,0.0,0.0,0.0,386425.66,0.0,23127.61,0.0,0.0,0.0,0.0,0.0,0.0,0.0,0.0,0.0,0.0,58039.25,0.0,0.0,533743003.321858,27.247083333333336
SWCR007-05 Float Temp Ctrl_Ex/runs/CZ09/Gro&0&cDXGF&Ex&Ref_Storage__RefControl/NE-Ref_Storage-RefControl-FixSucTemp-AirCool/instance-out.sql,CZ09,Gro,0,cDXGF,Ex,Ref_Storage,RefControl,NE-Ref_Storage-RefControl-FixSucTemp-AirCool,"EnergyPlus, Version 22.2.0-c249759bad, YMD=2024.05.03 23:24",CA_LOS-ANGELES-DOWNTOWN- - USA Custom-722874 WMO#=722874,4644.87,51.01,17.47,0.0,48679.97,249305.1,0.0,177647.52,0.0,188263.09,0.0,0.0,0.0,0.0,0.0,1496106.19,0.0,23127.61,0.0,0.0,0.0,0.0,0.0,0.0,0.0,0.0,0.0,0.0,58039.25,0.0,0.0,1184074576.2978113,27.247083333333336
SWCR007-05 Float Temp Ctrl_Ex/runs/CZ09/Gro&0&cDXGF&Ex&Ref_Storage__RefControl/NE-Ref_Storage-RefControl-FltSucTemp-AirCool/instance-out.sql,CZ09,Gro,0,cDXGF,Ex,Ref_Storage,RefControl,NE-Ref_Storage-RefControl-FltSucTemp-AirCool,"EnergyPlus, Version 22.2.0-c249759bad, YMD=2024.05.03 23:23",CA_LOS-ANGELES-DOWNTOWN- - USA Custom-722874 WMO#=722874,4644.87,51.01,17.47,0.0,48679.97,249305.1,0.0,177647.52,0.0,188263.09,0.0,0.0,0.0,0.0,0.0,1421288.2,0.0,23127.61,0.0,0.0,0.0,0.0,0.0,0.0,0.0,0.0,0.0,0.0,58039.25,0.0,0.0,1219144289.059451,27.247083333333336
SWCR007-05 Float Temp Ctrl_Ex/runs/CZ08/Gro&0&cDXGF&Ex&Ref_Storage__RefControl/NE-Ref_Storage-RefControl-FltSucTemp-AirCool-VSDFan/instance-out.sql,CZ08,Gro,0,cDXGF,Ex,Ref_Storage,RefControl,NE-Ref_Storage-RefControl-FltSucTemp-AirCool-VSDFan,"EnergyPlus, Version 22.2.0-c249759bad, YMD=2024.05.03 23:22",CA_LONG-BEACH-DAUGHERTY- - USA Custom-722970 WMO#=722970,4644.87,46.95,18.86,0.0,38848.51,249305.1,0.0,177647.52,0.0,179216.63,0.0,0.0,0.0,0.0,0.0,1387647.26,0.0,28755.67,0.0,0.0,0.0,0.0,0.0,0.0,0.0,0.0,0.0,0.0,58840.93,0.0,0.0,1195080132.4409938,27.188333333333336
SWCR007-05 Float Temp Ctrl_Ex/runs/CZ08/Gro&0&cDXGF&Ex&Ref_Storage__RefControl/NE-Ref_Storage-RefControl-FltSucTemp-EvapCool-VSDFan/instance-out.sql,CZ08,Gro,0,cDXGF,Ex,Ref_Storage,RefControl,NE-Ref_Storage-RefControl-FltSucTemp-EvapCool-VSDFan,"EnergyPlus, Version 22.2.0-c249759bad, YMD=2024.05.03 23:23",CA_LONG-BEACH-DAUGHERTY- - USA Custom-722970 WMO#=722970,4644.87,46.95,18.86,0.0,38848.51,249305.1,0.0,177647.52,0.0,179216.63,0.0,0.0,0.0,0.0,0.0,386298.95,0.0,28755.67,0.0,0.0,0.0,0.0,0.0,0.0,0.0,0.0,0.0,0.0,58840.93,0.0,0.0,499454162.0044598,27.188333333333336
SWCR007-05 Float Temp Ctrl_Ex/runs/CZ10/Gro&0&cDXGF&Ex&Ref_Storage__RefControl/NE-Ref_Storage-RefControl-FltSucTemp-EvapCool-VSDFan/instance-out.sql,CZ10,Gro,0,cDXGF,Ex,Ref_Storage,RefControl,NE-Ref_Storage-RefControl-FltSucTemp-EvapCool-VSDFan,"EnergyPlus, Version 22.2.0-c249759bad, YMD=2024.05.03 23:28",CA_RIVERSIDE-MUNI - USA Custom-722869 WMO#=722869,4644.87,54.03,21.89,0.0,69990.56,249305.1,0.0,177647.52,0.0,180949.21,0.0,0.0,0.0,0.0,0.0,368128.5,0.0,44106.31,0.0,0.0,0.0,0.0,0.0,0.0,0.0,0.0,0.0,0.0,57573.1,0.0,0.0,682660301.2411381,33.98041666666667
SWCR007-05 Float Temp Ctrl_Ex/runs/CZ09/Gro&0&cDXGF&Ex&Ref_Storage__RefControl/NE-Ref_Storage-RefControl-FixSucTemp-EvapCool-VSDFan/instance-out.sql,CZ09,Gro,0,cDXGF,Ex,Ref_Storage,RefControl,NE-Ref_Storage-RefControl-FixSucTemp-EvapCool-VSDFan,"EnergyPlus, Version 22.2.0-c249759bad, YMD=2024.05.03 23:26",CA_LOS-ANGELES-DOWNTOWN- - USA Custom-722874 WMO#=722874,4644.87,51.01,17.47,0.0,48679.97,249305.1,0.0,177647.52,0.0,188263.09,0.0,0.0,0.0,0.0,0.0,399547.09,0.0,23127.61,0.0,0.0,0.0,0.0,0.0,0.0,0.0,0.0,0.0,0.0,58039.25,0.0,0.0,540489020.7525138,27.247083333333336
SWCR007-05 Float Temp Ctrl_Ex/runs/CZ11/Gro&0&cDXGF&Ex&Ref_Storage__RefControl/NE-Ref_Storage-RefControl-FltSucTemp-AirCool-VSDFan/instance-out.sql,CZ11,Gro,0,cDXGF,Ex,Ref_Storage,RefControl,NE-Ref_Storage-RefControl-FltSucTemp-AirCool-VSDFan,"EnergyPlus, Version 22.2.0-c249759bad, YMD=2024.05.03 23:29",CA_RED-BLUFF-MUNI-AP - USA Custom-725910 WMO#=725910,4644.87,63.24,35.08,0.0,82760.41,249305.1,0.0,177647.52,0.0,210991.94,0.0,0.0,0.0,0.0,0.0,1220945.65,0.0,104040.81,0.0,0.0,0.0,0.0,0.0,0.0,0.0,0.0,0.0,0.0,58882.46,0.0,0.0,1442118758.2512727,39.11875
SWCR007-05 Float Temp Ctrl_Ex/runs/CZ11/Gro&0&cDXGF&Ex&Ref_Storage__RefControl/NE-Ref_Storage-RefControl-FltSucTemp-AirCool/instance-out.sql,CZ11,Gro,0,cDXGF,Ex,Ref_Storage,RefControl,NE-Ref_Storage-RefControl-FltSucTemp-AirCool,"EnergyPlus, Version 22.2.0-c249759bad, YMD=2024.05.03 23:28",CA_RED-BLUFF-MUNI-AP - USA Custom-725910 WMO#=725910,4644.87,63.24,35.08,0.0,82760.41,249305.1,0.0,177647.52,0.0,210991.94,0.0,0.0,0.0,0.0,0.0,1224660.08,0.0,104040.81,0.0,0.0,0.0,0.0,0.0,0.0,0.0,0.0,0.0,0.0,58882.46,0.0,0.0,1442118758.2512727,39.11875
SWCR007-05 Float Temp Ctrl_Ex/runs/CZ12/Gro&0&cDXGF&Ex&Ref_Storage__RefControl/NE-Ref_Storage-RefControl-FixSucTemp-AirCool/instance-out.sql,CZ12,Gro,0,cDXGF,Ex,Ref_Storage,RefControl,NE-Ref_Storage-RefControl-FixSucTemp-AirCool,"EnergyPlus, Version 22.2.0-c249759bad, YMD=2024.05.03 23:31",CA_STOCKTON-METRO-AP - USA Custom-724920 WMO#=724920,4644.87,56.49,34.97,0.0,62641.7,249305.1,0.0,177647.52,0.0,199743.72,0.0,0.0,0.0,0.0,0.0,1273003.12,0.0,101898.2,0.0,0.0,0.0,0.0,0.0,0.0,0.0,0.0,0.0,0.0,60511.08,0.0,0.0,1371579562.7921505,36.655833333333334
SWCR007-05 Float Temp Ctrl_Ex/runs/CZ09/Gro&0&cDXGF&Ex&Ref_Storage__RefControl/NE-Ref_Storage-RefControl-FltSucTemp-AirCool-VSDFan/instance-out.sql,CZ09,Gro,0,cDXGF,Ex,Ref_Storage,RefControl,NE-Ref_Storage-RefControl-FltSucTemp-AirCool-VSDFan,"EnergyPlus, Version 22.2.0-c249759bad, YMD=2024.05.03 23:24",CA_LOS-ANGELES-DOWNTOWN- - USA Custom-722874 WMO#=722874,4644.87,51.01,17.47,0.0,48679.97,249305.1,0.0,177647.52,0.0,188263.09,0.0,0.0,0.0,0.0,0.0,1418155.06,0.0,23127.61,0.0,0.0,0.0,0.0,0.0,0.0,0.0,0.0,0.0,0.0,58039.25,0.0,0.0,1219144289.059451,27.247083333333336
SWCR007-05 Float Temp Ctrl_Ex/runs/CZ10/Gro&0&cDXGF&Ex&Ref_Storage__RefControl/NE-Ref_Storage-RefControl-FltSucTemp-AirCool-VSDFan/instance-out.sql,CZ10,Gro,0,cDXGF,Ex,Ref_Storage,RefControl,NE-Ref_Storage-RefControl-FltSucTemp-AirCool-VSDFan,"EnergyPlus, Version 22.2.0-c249759bad, YMD=2024.05.03 23:26",CA_RIVERSIDE-MUNI - USA Custom-722869 WMO#=722869,4644.87,54.03,21.89,0.0,69990.56,249305.1,0.0,177647.52,0.0,180949.21,0.0,0.0,0.0,0.0,0.0,1387723.1,0.0,44106.31,0.0,0.0,0.0,0.0,0.0,0.0,0.0,0.0,0.0,0.0,57573.1,0.0,0.0,1358911812.741455,33.98041666666667
SWCR007-05 Float Temp Ctrl_Ex/runs/CZ11/Gro&0&cDXGF&Ex&Ref_Storage__RefControl/NE-Ref_Storage-RefControl-FltSucTemp-EvapCool/instance-out.sql,CZ11,Gro,0,cDXGF,Ex,Ref_Storage,RefControl,NE-Ref_Storage-RefControl-FltSucTemp-EvapCool,"EnergyPlus, Version 22.2.0-c249759bad, YMD=2024.05.03 23:29",CA_RED-BLUFF-MUNI-AP - USA Custom-725910 WMO#=725910,4644.87,63.24,35.08,0.0,82760.41,249305.1,0.0,177647.52,0.0,210991.94,0.0,0.0,0.0,0.0,0.0,359661.73,0.0,104040.81,0.0,0.0,0.0,0.0,0.0,0.0,0.0,0.0,0.0,0.0,58882.46,0.0,0.0,758073146.6517861,39.11875
SWCR007-05 Float Temp Ctrl_Ex/runs/CZ10/Gro&0&cDXGF&Ex&Ref_Storage__RefControl/NE-Ref_Storage-RefControl-FltSucTemp-AirCool/instance-out.sql,CZ10,Gro,0,cDXGF,Ex,Ref_Storage,RefControl,NE-Ref_Storage-RefControl-FltSucTemp-AirCool,"EnergyPlus, Version 22.2.0-c249759bad, YMD=2024.05.03 23:26",CA_RIVERSIDE-MUNI - USA Custom-722869 WMO#=722869,4644.87,54.03,21.89,0.0,69990.56,249305.1,0.0,177647.52,0.0,180949.21,0.0,0.0,0.0,0.0,0.0,1390991.03,0.0,44106.31,0.0,0.0,0.0,0.0,0.0,0.0,0.0,0.0,0.0,0.0,57573.1,0.0,0.0,1358911812.741455,33.98041666666667
SWCR007-05 Float Temp Ctrl_Ex/runs/CZ12/Gro&0&cDXGF&Ex&Ref_Storage__RefControl/NE-Ref_Storage-RefControl-FixSucTemp-AirCool-VSDFan/instance-out.sql,CZ12,Gro,0,cDXGF,Ex,Ref_Storage,RefControl,NE-Ref_Storage-RefControl-FixSucTemp-AirCool-VSDFan,"EnergyPlus, Version 22.2.0-c249759bad, YMD=2024.05.03 23:31",CA_STOCKTON-METRO-AP - USA Custom-724920 WMO#=724920,4644.87,56.49,34.97,0.0,62641.7,249305.1,0.0,177647.52,0.0,199743.72,0.0,0.0,0.0,0.0,0.0,1268909.71,0.0,101898.2,0.0,0.0,0.0,0.0,0.0,0.0,0.0,0.0,0.0,0.0,60511.08,0.0,0.0,1371579562.7921505,36.655833333333334
SWCR007-05 Float Temp Ctrl_Ex/runs/CZ11/Gro&0&cDXGF&Ex&Ref_Storage__RefControl/NE-Ref_Storage-RefControl-FltSucTemp-EvapCool-VSDFan/instance-out.sql,CZ11,Gro,0,cDXGF,Ex,Ref_Storage,RefControl,NE-Ref_Storage-RefControl-FltSucTemp-EvapCool-VSDFan,"EnergyPlus, Version 22.2.0-c249759bad, YMD=2024.05.03 23:30",CA_RED-BLUFF-MUNI-AP - USA Custom-725910 WMO#=725910,4644.87,63.24,35.08,0.0,82760.41,249305.1,0.0,177647.52,0.0,210991.94,0.0,0.0,0.0,0.0,0.0,349883.03,0.0,104040.81,0.0,0.0,0.0,0.0,0.0,0.0,0.0,0.0,0.0,0.0,58882.46,0.0,0.0,755679475.7966862,39.11875
SWCR007-05 Float Temp Ctrl_Ex/runs/CZ12/Gro&0&cDXGF&Ex&Ref_Storage__RefControl/NE-Ref_Storage-RefControl-FixSucTemp-EvapCool-VSDFan/instance-out.sql,CZ12,Gro,0,cDXGF,Ex,Ref_Storage,RefControl,NE-Ref_Storage-RefControl-FixSucTemp-EvapCool-VSDFan,"EnergyPlus, Version 22.2.0-c249759bad, YMD=2024.05.03 23:32",CA_STOCKTON-METRO-AP - USA Custom-724920 WMO#=724920,4644.87,56.49,34.97,0.0,62641.7,249305.1,0.0,177647.52,0.0,199743.72,0.0,0.0,0.0,0.0,0.0,370944.33,0.0,101898.2,0.0,0.0,0.0,0.0,0.0,0.0,0.0,0.0,0.0,0.0,60511.08,0.0,0.0,738066693.4109076,36.655833333333334
SWCR007-05 Float Temp Ctrl_Ex/runs/CZ12/Gro&0&cDXGF&Ex&Ref_Storage__RefControl/NE-Ref_Storage-RefControl-FixSucTemp-EvapCool/instance-out.sql,CZ12,Gro,0,cDXGF,Ex,Ref_Storage,RefControl,NE-Ref_Storage-RefControl-FixSucTemp-EvapCool,"EnergyPlus, Version 22.2.0-c249759bad, YMD=2024.05.03 23:32",CA_STOCKTON-METRO-AP - USA Custom-724920 WMO#=724920,4644.87,56.49,34.97,0.0,62641.7,249305.1,0.0,177647.52,0.0,199743.72,0.0,0.0,0.0,0.0,0.0,380646.16,0.0,101898.2,0.0,0.0,0.0,0.0,0.0,0.0,0.0,0.0,0.0,0.0,60511.08,0.0,0.0,738066693.4109076,36.655833333333334
SWCR007-05 Float Temp Ctrl_Ex/runs/CZ12/Gro&0&cDXGF&Ex&Ref_Storage__RefControl/NE-Ref_Storage-RefControl-FltSucTemp-AirCool-VSDFan/instance-out.sql,CZ12,Gro,0,cDXGF,Ex,Ref_Storage,RefControl,NE-Ref_Storage-RefControl-FltSucTemp-AirCool-VSDFan,"EnergyPlus, Version 22.2.0-c249759bad, YMD=2024.05.03 23:31",CA_STOCKTON-METRO-AP - USA Custom-724920 WMO#=724920,4644.87,56.49,34.97,0.0,62641.7,249305.1,0.0,177647.52,0.0,199743.72,0.0,0.0,0.0,0.0,0.0,1197277.61,0.0,101898.2,0.0,0.0,0.0,0.0,0.0,0.0,0.0,0.0,0.0,0.0,60511.08,0.0,0.0,1406732509.208045,36.655833333333334
SWCR007-05 Float Temp Ctrl_Ex/runs/CZ12/Gro&0&cDXGF&Ex&Ref_Storage__RefControl/NE-Ref_Storage-RefControl-FltSucTemp-AirCool/instance-out.sql,CZ12,Gro,0,cDXGF,Ex,Ref_Storage,RefControl,NE-Ref_Storage-RefControl-FltSucTemp-AirCool,"EnergyPlus, Version 22.2.0-c249759bad, YMD=2024.05.03 23:31",CA_STOCKTON-METRO-AP - USA Custom-724920 WMO#=724920,4644.87,56.49,34.97,0.0,62641.7,249305.1,0.0,177647.52,0.0,199743.72,0.0,0.0,0.0,0.0,0.0,1201662.67,0.0,101898.2,0.0,0.0,0.0,0.0,0.0,0.0,0.0,0.0,0.0,0.0,60511.08,0.0,0.0,1406732509.208045,36.655833333333334
SWCR007-05 Float Temp Ctrl_Ex/runs/CZ12/Gro&0&cDXGF&Ex&Ref_Storage__RefControl/NE-Ref_Storage-RefControl-FltSucTemp-EvapCool/instance-out.sql,CZ12,Gro,0,cDXGF,Ex,Ref_Storage,RefControl,NE-Ref_Storage-RefControl-FltSucTemp-EvapCool,"EnergyPlus, Version 22.2.0-c249759bad, YMD=2024.05.03 23:32",CA_STOCKTON-METRO-AP - USA Custom-724920 WMO#=724920,4644.87,56.49,34.97,0.0,62641.7,249305.1,0.0,177647.52,0.0,199743.72,0.0,0.0,0.0,0.0,0.0,367560.76,0.0,101898.2,0.0,0.0,0.0,0.0,0.0,0.0,0.0,0.0,0.0,0.0,60511.08,0.0,0.0,730972623.6285565,36.655833333333334
SWCR007-05 Float Temp Ctrl_Ex/runs/CZ12/Gro&0&cDXGF&Ex&Ref_Storage__RefControl/NE-Ref_Storage-RefControl-FltSucTemp-EvapCool-VSDFan/instance-out.sql,CZ12,Gro,0,cDXGF,Ex,Ref_Storage,RefControl,NE-Ref_Storage-RefControl-FltSucTemp-EvapCool-VSDFan,"EnergyPlus, Version 22.2.0-c249759bad, YMD=2024.05.03 23:32",CA_STOCKTON-METRO-AP - USA Custom-724920 WMO#=724920,4644.87,56.49,34.97,0.0,62641.7,249305.1,0.0,177647.52,0.0,199743.72,0.0,0.0,0.0,0.0,0.0,357858.94,0.0,101898.2,0.0,0.0,0.0,0.0,0.0,0.0,0.0,0.0,0.0,0.0,60511.08,0.0,0.0,730972623.6285565,36.655833333333334
SWCR007-05 Float Temp Ctrl_Ex/runs/CZ13/Gro&0&cDXGF&Ex&Ref_Storage__RefControl/NE-Ref_Storage-RefControl-FixSucTemp-AirCool/instance-out.sql,CZ13,Gro,0,cDXGF,Ex,Ref_Storage,RefControl,NE-Ref_Storage-RefControl-FixSucTemp-AirCool,"EnergyPlus, Version 22.2.0-c249759bad, YMD=2024.05.03 23:33",CA_FRESNO-YOSEMITE-IAP - USA Custom-723890 WMO#=723890,4644.87,62.17,29.98,0.0,91415.83,249305.1,0.0,177647.52,0.0,197352.42,0.0,0.0,0.0,0.0,0.0,1348798.81,0.0,82069.69,0.0,0.0,0.0,0.0,0.0,0.0,0.0,0.0,0.0,0.0,57190.41,0.0,0.0,1421781696.9834523,38.405
SWCR007-05 Float Temp Ctrl_Ex/runs/CZ13/Gro&0&cDXGF&Ex&Ref_Storage__RefControl/NE-Ref_Storage-RefControl-FixSucTemp-EvapCool/instance-out.sql,CZ13,Gro,0,cDXGF,Ex,Ref_Storage,RefControl,NE-Ref_Storage-RefControl-FixSucTemp-EvapCool,"EnergyPlus, Version 22.2.0-c249759bad, YMD=2024.05.03 23:34",CA_FRESNO-YOSEMITE-IAP - USA Custom-723890 WMO#=723890,4644.87,62.17,29.98,0.0,91415.83,249305.1,0.0,177647.52,0.0,197352.42,0.0,0.0,0.0,0.0,0.0,376588.95,0.0,82069.69,0.0,0.0,0.0,0.0,0.0,0.0,0.0,0.0,0.0,0.0,57190.41,0.0,0.0,791726996.5713426,38.405
SWCR007-05 Float Temp Ctrl_Ex/runs/CZ13/Gro&0&cDXGF&Ex&Ref_Storage__RefControl/NE-Ref_Storage-RefControl-FixSucTemp-EvapCool-VSDFan/instance-out.sql,CZ13,Gro,0,cDXGF,Ex,Ref_Storage,RefControl,NE-Ref_Storage-RefControl-FixSucTemp-EvapCool-VSDFan,"EnergyPlus, Version 22.2.0-c249759bad, YMD=2024.05.03 23:35",CA_FRESNO-YOSEMITE-IAP - USA Custom-723890 WMO#=723890,4644.87,62.17,29.98,0.0,91415.83,249305.1,0.0,177647.52,0.0,197352.42,0.0,0.0,0.0,0.0,0.0,366812.07,0.0,82069.69,0.0,0.0,0.0,0.0,0.0,0.0,0.0,0.0,0.0,0.0,57190.41,0.0,0.0,791726996.5713426,38.405
SWCR007-05 Float Temp Ctrl_Ex/runs/CZ13/Gro&0&cDXGF&Ex&Ref_Storage__RefControl/NE-Ref_Storage-RefControl-FixSucTemp-AirCool-VSDFan/instance-out.sql,CZ13,Gro,0,cDXGF,Ex,Ref_Storage,RefControl,NE-Ref_Storage-RefControl-FixSucTemp-AirCool-VSDFan,"EnergyPlus, Version 22.2.0-c249759bad, YMD=2024.05.03 23:33",CA_FRESNO-YOSEMITE-IAP - USA Custom-723890 WMO#=723890,4644.87,62.17,29.98,0.0,91415.83,249305.1,0.0,177647.52,0.0,197352.42,0.0,0.0,0.0,0.0,0.0,1345490.03,0.0,82069.69,0.0,0.0,0.0,0.0,0.0,0.0,0.0,0.0,0.0,0.0,57190.41,0.0,0.0,1421781696.9834523,38.405
SWCR007-05 Float Temp Ctrl_Ex/runs/CZ13/Gro&0&cDXGF&Ex&Ref_Storage__RefControl/NE-Ref_Storage-RefControl-FltSucTemp-EvapCool/instance-out.sql,CZ13,Gro,0,cDXGF,Ex,Ref_Storage,RefControl,NE-Ref_Storage-RefControl-FltSucTemp-EvapCool,"EnergyPlus, Version 22.2.0-c249759bad, YMD=2024.05.03 23:34",CA_FRESNO-YOSEMITE-IAP - USA Custom-723890 WMO#=723890,4644.87,62.17,29.98,0.0,91415.83,249305.1,0.0,177647.52,0.0,197352.42,0.0,0.0,0.0,0.0,0.0,363619.71,0.0,82069.69,0.0,0.0,0.0,0.0,0.0,0.0,0.0,0.0,0.0,0.0,57190.41,0.0,0.0,784573882.2846655,38.405
SWCR007-05 Float Temp Ctrl_Ex/runs/CZ13/Gro&0&cDXGF&Ex&Ref_Storage__RefControl/NE-Ref_Storage-RefControl-FltSucTemp-AirCool-VSDFan/instance-out.sql,CZ13,Gro,0,cDXGF,Ex,Ref_Storage,RefControl,NE-Ref_Storage-RefControl-FltSucTemp-AirCool-VSDFan,"EnergyPlus, Version 22.2.0-c249759bad, YMD=2024.05.03 23:33",CA_FRESNO-YOSEMITE-IAP - USA Custom-723890 WMO#=723890,4644.87,62.17,29.98,0.0,91415.83,249305.1,0.0,177647.52,0.0,197352.42,0.0,0.0,0.0,0.0,0.0,1275353.93,0.0,82069.69,0.0,0.0,0.0,0.0,0.0,0.0,0.0,0.0,0.0,0.0,57190.41,0.0,0.0,1456027685.0119767,38.405
SWCR007-05 Float Temp Ctrl_Ex/runs/CZ13/Gro&0&cDXGF&Ex&Ref_Storage__RefControl/NE-Ref_Storage-RefControl-FltSucTemp-AirCool/instance-out.sql,CZ13,Gro,0,cDXGF,Ex,Ref_Storage,RefControl,NE-Ref_Storage-RefControl-FltSucTemp-AirCool,"EnergyPlus, Version 22.2.0-c249759bad, YMD=2024.05.03 23:33",CA_FRESNO-YOSEMITE-IAP - USA Custom-723890 WMO#=723890,4644.87,62.17,29.98,0.0,91415.83,249305.1,0.0,177647.52,0.0,197352.42,0.0,0.0,0.0,0.0,0.0,1278849.95,0.0,82069.69,0.0,0.0,0.0,0.0,0.0,0.0,0.0,0.0,0.0,0.0,57190.41,0.0,0.0,1456027685.0119767,38.405
SWCR007-05 Float Temp Ctrl_Ex/runs/CZ14/Gro&0&cDXGF&Ex&Ref_Storage__RefControl/NE-Ref_Storage-RefControl-FixSucTemp-AirCool-VSDFan/instance-out.sql,CZ14,Gro,0,cDXGF,Ex,Ref_Storage,RefControl,NE-Ref_Storage-RefControl-FixSucTemp-AirCool-VSDFan,"EnergyPlus, Version 22.2.0-c249759bad, YMD=2024.05.03 23:35",CA_DAGGETT-BARSTOW-DAGGE - USA Custom-723815 WMO#=723815,4644.87,69.56,22.97,0.0,121141.13,249305.1,0.0,177647.52,0.0,201955.38,0.0,0.0,0.0,0.0,0.0,1454198.8,0.0,52439.44,0.0,0.0,0.0,0.0,0.0,0.0,0.0,0.0,0.0,0.0,54275.79,0.0,0.0,1486903435.6268816,43.19583333333333
SWCR007-05 Float Temp Ctrl_Ex/runs/CZ14/Gro&0&cDXGF&Ex&Ref_Storage__RefControl/NE-Ref_Storage-RefControl-FixSucTemp-EvapCool-VSDFan/instance-out.sql,CZ14,Gro,0,cDXGF,Ex,Ref_Storage,RefControl,NE-Ref_Storage-RefControl-FixSucTemp-EvapCool-VSDFan,"EnergyPlus, Version 22.2.0-c249759bad, YMD=2024.05.03 23:30",CA_DAGGETT-BARSTOW-DAGGE - USA Custom-723815 WMO#=723815,4644.87,69.56,22.97,0.0,121141.13,249305.1,0.0,177647.52,0.0,201955.38,0.0,0.0,0.0,0.0,0.0,352898.81,0.0,52439.44,0.0,0.0,0.0,0.0,0.0,0.0,0.0,0.0,0.0,0.0,54275.79,0.0,0.0,837115505.2862307,43.19583333333333
SWCR007-05 Float Temp Ctrl_Ex/runs/CZ14/Gro&0&cDXGF&Ex&Ref_Storage__RefControl/NE-Ref_Storage-RefControl-FixSucTemp-EvapCool/instance-out.sql,CZ14,Gro,0,cDXGF,Ex,Ref_Storage,RefControl,NE-Ref_Storage-RefControl-FixSucTemp-EvapCool,"EnergyPlus, Version 22.2.0-c249759bad, YMD=2024.05.03 23:33",CA_DAGGETT-BARSTOW-DAGGE - USA Custom-723815 WMO#=723815,4644.87,69.56,22.97,0.0,121141.13,249305.1,0.0,177647.52,0.0,201955.38,0.0,0.0,0.0,0.0,0.0,362417.13,0.0,52439.44,0.0,0.0,0.0,0.0,0.0,0.0,0.0,0.0,0.0,0.0,54275.79,0.0,0.0,842163986.5601969,43.19583333333333
SWCR007-05 Float Temp Ctrl_Ex/runs/CZ14/Gro&0&cDXGF&Ex&Ref_Storage__RefControl/NE-Ref_Storage-RefControl-FixSucTemp-AirCool/instance-out.sql,CZ14,Gro,0,cDXGF,Ex,Ref_Storage,RefControl,NE-Ref_Storage-RefControl-FixSucTemp-AirCool,"EnergyPlus, Version 22.2.0-c249759bad, YMD=2024.05.03 23:35",CA_DAGGETT-BARSTOW-DAGGE - USA Custom-723815 WMO#=723815,4644.87,69.56,22.97,0.0,121141.13,249305.1,0.0,177647.52,0.0,201955.38,0.0,0.0,0.0,0.0,0.0,1456604.33,0.0,52439.44,0.0,0.0,0.0,0.0,0.0,0.0,0.0,0.0,0.0,0.0,54275.79,0.0,0.0,1486903435.6268816,43.19583333333333
SWCR007-05 Float Temp Ctrl_Ex/runs/CZ15/Gro&0&cDXGF&Ex&Ref_Storage__RefControl/NE-Ref_Storage-RefControl-FltSucTemp-AirCool/instance-out.sql,CZ15,Gro,0,cDXGF,Ex,Ref_Storage,RefControl,NE-Ref_Storage-RefControl-FltSucTemp-AirCool,"EnergyPlus, Version 22.2.0-c249759bad, YMD=2024.05.03 23:29",CA_EL-CENTRO-NAF - USA Custom-722810 WMO#=722810,4644.87,74.75,13.94,0.0,174605.3,249305.1,0.0,177647.52,0.0,172592.31,0.0,0.0,0.0,0.0,0.0,1555809.05,0.0,16488.28,0.0,0.0,0.0,0.0,0.0,0.0,0.0,0.0,0.0,0.0,48251.97,0.0,0.0,1515667434.2459629,41.99791666666667
SWCR007-05 Float Temp Ctrl_Ex/runs/CZ15/Gro&0&cDXGF&Ex&Ref_Storage__RefControl/NE-Ref_Storage-RefControl-FixSucTemp-AirCool-VSDFan/instance-out.sql,CZ15,Gro,0,cDXGF,Ex,Ref_Storage,RefControl,NE-Ref_Storage-RefControl-FixSucTemp-AirCool-VSDFan,"EnergyPlus, Version 22.2.0-c249759bad, YMD=2024.05.03 23:25",CA_EL-CENTRO-NAF - USA Custom-722810 WMO#=722810,4644.87,74.75,13.94,0.0,174605.3,249305.1,0.0,177647.52,0.0,172592.31,0.0,0.0,0.0,0.0,0.0,1587840.9,0.0,16488.28,0.0,0.0,0.0,0.0,0.0,0.0,0.0,0.0,0.0,0.0,48251.97,0.0,0.0,1483058234.7133307,41.99791666666667
SWCR007-05 Float Temp Ctrl_Ex/runs/CZ14/Gro&0&cDXGF&Ex&Ref_Storage__RefControl/NE-Ref_Storage-RefControl-FltSucTemp-AirCool-VSDFan/instance-out.sql,CZ14,Gro,0,cDXGF,Ex,Ref_Storage,RefControl,NE-Ref_Storage-RefControl-FltSucTemp-AirCool-VSDFan,"EnergyPlus, Version 22.2.0-c249759bad, YMD=2024.05.03 23:36",CA_DAGGETT-BARSTOW-DAGGE - USA Custom-723815 WMO#=723815,4644.87,69.56,22.97,0.0,121141.13,249305.1,0.0,177647.52,0.0,201955.38,0.0,0.0,0.0,0.0,0.0,1407459.6,0.0,52439.44,0.0,0.0,0.0,0.0,0.0,0.0,0.0,0.0,0.0,0.0,54275.79,0.0,0.0,1518068795.6779141,43.19583333333333
SWCR007-05 Float Temp Ctrl_Ex/runs/CZ14/Gro&0&cDXGF&Ex&Ref_Storage__RefControl/NE-Ref_Storage-RefControl-FltSucTemp-EvapCool/instance-out.sql,CZ14,Gro,0,cDXGF,Ex,Ref_Storage,RefControl,NE-Ref_Storage-RefControl-FltSucTemp-EvapCool,"EnergyPlus, Version 22.2.0-c249759bad, YMD=2024.05.03 23:34",CA_DAGGETT-BARSTOW-DAGGE - USA Custom-723815 WMO#=723815,4644.87,69.56,22.97,0.0,121141.13,249305.1,0.0,177647.52,0.0,201955.38,0.0,0.0,0.0,0.0,0.0,350796.85,0.0,52439.44,0.0,0.0,0.0,0.0,0.0,0.0,0.0,0.0,0.0,0.0,54275.79,0.0,0.0,836737155.7780042,43.19583333333333
SWCR007-05 Float Temp Ctrl_Ex/runs/CZ15/Gro&0&cDXGF&Ex&Ref_Storage__RefControl/NE-Ref_Storage-RefControl-FixSucTemp-EvapCool-VSDFan/instance-out.sql,CZ15,Gro,0,cDXGF,Ex,Ref_Storage,RefControl,NE-Ref_Storage-RefControl-FixSucTemp-EvapCool-VSDFan,"EnergyPlus, Version 22.2.0-c249759bad, YMD=2024.05.03 23:18",CA_EL-CENTRO-NAF - USA Custom-722810 WMO#=722810,4644.87,74.75,13.94,0.0,174605.3,249305.1,0.0,177647.52,0.0,172592.31,0.0,0.0,0.0,0.0,0.0,384389.99,0.0,16488.28,0.0,0.0,0.0,0.0,0.0,0.0,0.0,0.0,0.0,0.0,48251.97,0.0,0.0,852030369.1815481,41.99791666666667
SWCR007-05 Float Temp Ctrl_Ex/runs/CZ16/Gro&0&cDXGF&Ex&Ref_Storage__RefControl/NE-Ref_Storage-RefControl-FixSucTemp-AirCool/instance-out.sql,CZ16,Gro,0,cDXGF,Ex,Ref_Storage,RefControl,NE-Ref_Storage-RefControl-FixSucTemp-AirCool,"EnergyPlus, Version 22.2.0-c249759bad, YMD=2024.05.03 23:16",CA_BISHOP-AP - USA Custom-724800 WMO#=724800,4644.87,64.63,43.93,0.0,69597.8,249305.1,0.0,177647.52,0.0,230605.37,0.0,0.0,0.0,0.0,0.0,1310962.26,0.0,140119.37,0.0,0.0,0.0,0.0,0.0,0.0,0.0,0.0,0.0,0.0,63946.44,0.0,0.0,1313187122.2165155,34.792500000000004
SWCR007-05 Float Temp Ctrl_Ex/runs/CZ14/Gro&0&cDXGF&Ex&Ref_Storage__RefControl/NE-Ref_Storage-RefControl-FltSucTemp-AirCool/instance-out.sql,CZ14,Gro,0,cDXGF,Ex,Ref_Storage,RefControl,NE-Ref_Storage-RefControl-FltSucTemp-AirCool,"EnergyPlus, Version 22.2.0-c249759bad, YMD=2024.05.03 23:35",CA_DAGGETT-BARSTOW-DAGGE - USA Custom-723815 WMO#=723815,4644.87,69.56,22.97,0.0,121141.13,249305.1,0.0,177647.52,0.0,201955.38,0.0,0.0,0.0,0.0,0.0,1409975.66,0.0,52439.44,0.0,0.0,0.0,0.0,0.0,0.0,0.0,0.0,0.0,0.0,54275.79,0.0,0.0,1518068795.6779141,43.19583333333333
SWCR007-05 Float Temp Ctrl_Ex/runs/CZ14/Gro&0&cDXGF&Ex&Ref_Storage__RefControl/NE-Ref_Storage-RefControl-FltSucTemp-EvapCool-VSDFan/instance-out.sql,CZ14,Gro,0,cDXGF,Ex,Ref_Storage,RefControl,NE-Ref_Storage-RefControl-FltSucTemp-EvapCool-VSDFan,"EnergyPlus, Version 22.2.0-c249759bad, YMD=2024.05.03 23:31",CA_DAGGETT-BARSTOW-DAGGE - USA Custom-723815 WMO#=723815,4644.87,69.56,22.97,0.0,121141.13,249305.1,0.0,177647.52,0.0,201955.38,0.0,0.0,0.0,0.0,0.0,341278.53,0.0,52439.44,0.0,0.0,0.0,0.0,0.0,0.0,0.0,0.0,0.0,0.0,54275.79,0.0,0.0,831688674.5040381,43.19583333333333
SWCR007-05 Float Temp Ctrl_Ex/runs/CZ16/Gro&0&cDXGF&Ex&Ref_Storage__RefControl/NE-Ref_Storage-RefControl-FixSucTemp-AirCool-VSDFan/instance-out.sql,CZ16,Gro,0,cDXGF,Ex,Ref_Storage,RefControl,NE-Ref_Storage-RefControl-FixSucTemp-AirCool-VSDFan,"EnergyPlus, Version 22.2.0-c249759bad, YMD=2024.05.03 23:12",CA_BISHOP-AP - USA Custom-724800 WMO#=724800,4644.87,64.63,43.93,0.0,69597.8,249305.1,0.0,177647.52,0.0,230605.37,0.0,0.0,0.0,0.0,0.0,1307997.21,0.0,140119.37,0.0,0.0,0.0,0.0,0.0,0.0,0.0,0.0,0.0,0.0,63946.44,0.0,0.0,1313187122.2165155,34.792500000000004
SWCR007-05 Float Temp Ctrl_Ex/runs/CZ15/Gro&0&cDXGF&Ex&Ref_Storage__RefControl/NE-Ref_Storage-RefControl-FixSucTemp-AirCool/instance-out.sql,CZ15,Gro,0,cDXGF,Ex,Ref_Storage,RefControl,NE-Ref_Storage-RefControl-FixSucTemp-AirCool,"EnergyPlus, Version 22.2.0-c249759bad, YMD=2024.05.03 23:27",CA_EL-CENTRO-NAF - USA Custom-722810 WMO#=722810,4644.87,74.75,13.94,0.0,174605.3,249305.1,0.0,177647.52,0.0,172592.31,0.0,0.0,0.0,0.0,0.0,1590024.63,0.0,16488.28,0.0,0.0,0.0,0.0,0.0,0.0,0.0,0.0,0.0,0.0,48251.97,0.0,0.0,1483058234.7133307,41.99791666666667
SWCR007-05 Float Temp Ctrl_Ex/runs/CZ15/Gro&0&cDXGF&Ex&Ref_Storage__RefControl/NE-Ref_Storage-RefControl-FltSucTemp-EvapCool/instance-out.sql,CZ15,Gro,0,cDXGF,Ex,Ref_Storage,RefControl,NE-Ref_Storage-RefControl-FltSucTemp-EvapCool,"EnergyPlus, Version 22.2.0-c249759bad, YMD=2024.05.03 23:23",CA_EL-CENTRO-NAF - USA Custom-722810 WMO#=722810,4644.87,74.75,13.94,0.0,174605.3,249305.1,0.0,177647.52,0.0,172592.31,0.0,0.0,0.0,0.0,0.0,380397.41,0.0,16488.28,0.0,0.0,0.0,0.0,0.0,0.0,0.0,0.0,0.0,0.0,48251.97,0.0,0.0,845326247.2142634,41.99791666666667
SWCR007-05 Float Temp Ctrl_Ex/runs/CZ13/Gro&0&cDXGF&Ex&Ref_Storage__RefControl/NE-Ref_Storage-RefControl-FltSucTemp-EvapCool-VSDFan/instance-out.sql,CZ13,Gro,0,cDXGF,Ex,Ref_Storage,RefControl,NE-Ref_Storage-RefControl-FltSucTemp-EvapCool-VSDFan,"EnergyPlus, Version 22.2.0-c249759bad, YMD=2024.05.03 23:34",CA_FRESNO-YOSEMITE-IAP - USA Custom-723890 WMO#=723890,4644.87,62.17,29.98,0.0,91415.83,249305.1,0.0,177647.52,0.0,197352.42,0.0,0.0,0.0,0.0,0.0,353842.82,0.0,82069.69,0.0,0.0,0.0,0.0,0.0,0.0,0.0,0.0,0.0,0.0,57190.41,0.0,0.0,784573882.2846655,38.405
SWCR007-05 Float Temp Ctrl_Ex/runs/CZ15/Gro&0&cDXGF&Ex&Ref_Storage__RefControl/NE-Ref_Storage-RefControl-FltSucTemp-AirCool-VSDFan/instance-out.sql,CZ15,Gro,0,cDXGF,Ex,Ref_Storage,RefControl,NE-Ref_Storage-RefControl-FltSucTemp-AirCool-VSDFan,"EnergyPlus, Version 22.2.0-c249759bad, YMD=2024.05.03 23:26",CA_EL-CENTRO-NAF - USA Custom-722810 WMO#=722810,4644.87,74.75,13.94,0.0,174605.3,249305.1,0.0,177647.52,0.0,172592.31,0.0,0.0,0.0,0.0,0.0,1553457.49,0.0,16488.28,0.0,0.0,0.0,0.0,0.0,0.0,0.0,0.0,0.0,0.0,48251.97,0.0,0.0,1515667434.2459629,41.99791666666667
SWCR007-05 Float Temp Ctrl_Ex/runs/CZ15/Gro&0&cDXGF&Ex&Ref_Storage__RefControl/NE-Ref_Storage-RefControl-FixSucTemp-EvapCool/instance-out.sql,CZ15,Gro,0,cDXGF,Ex,Ref_Storage,RefControl,NE-Ref_Storage-RefControl-FixSucTemp-EvapCool,"EnergyPlus, Version 22.2.0-c249759bad, YMD=2024.05.03 23:22",CA_EL-CENTRO-NAF - USA Custom-722810 WMO#=722810,4644.87,74.75,13.94,0.0,174605.3,249305.1,0.0,177647.52,0.0,172592.31,0.0,0.0,0.0,0.0,0.0,392936.95,0.0,16488.28,0.0,0.0,0.0,0.0,0.0,0.0,0.0,0.0,0.0,0.0,48251.97,0.0,0.0,852030369.1815481,41.99791666666667
SWCR007-05 Float Temp Ctrl_Ex/runs/CZ15/Gro&0&cDXGF&Ex&Ref_Storage__RefControl/NE-Ref_Storage-RefControl-FltSucTemp-EvapCool-VSDFan/instance-out.sql,CZ15,Gro,0,cDXGF,Ex,Ref_Storage,RefControl,NE-Ref_Storage-RefControl-FltSucTemp-EvapCool-VSDFan,"EnergyPlus, Version 22.2.0-c249759bad, YMD=2024.05.03 23:20",CA_EL-CENTRO-NAF - USA Custom-722810 WMO#=722810,4644.87,74.75,13.94,0.0,174605.3,249305.1,0.0,177647.52,0.0,172592.31,0.0,0.0,0.0,0.0,0.0,371850.45,0.0,16488.28,0.0,0.0,0.0,0.0,0.0,0.0,0.0,0.0,0.0,0.0,48251.97,0.0,0.0,845326247.2142634,41.99791666666667
SWCR007-05 Float Temp Ctrl_Ex/runs/CZ16/Gro&0&cDXGF&Ex&Ref_Storage__RefControl/NE-Ref_Storage-RefControl-FixSucTemp-EvapCool-VSDFan/instance-out.sql,CZ16,Gro,0,cDXGF,Ex,Ref_Storage,RefControl,NE-Ref_Storage-RefControl-FixSucTemp-EvapCool-VSDFan,"EnergyPlus, Version 22.2.0-c249759bad, YMD=2024.05.03 23:06",CA_BISHOP-AP - USA Custom-724800 WMO#=724800,4644.87,64.63,43.93,0.0,69597.8,249305.1,0.0,177647.52,0.0,230605.37,0.0,0.0,0.0,0.0,0.0,341869.63,0.0,140119.37,0.0,0.0,0.0,0.0,0.0,0.0,0.0,0.0,0.0,0.0,63946.44,0.0,0.0,651354875.9273963,34.792500000000004
SWCR007-05 Float Temp Ctrl_Ex/runs/CZ16/Gro&0&cDXGF&Ex&Ref_Storage__RefControl/NE-Ref_Storage-RefControl-FixSucTemp-EvapCool/instance-out.sql,CZ16,Gro,0,cDXGF,Ex,Ref_Storage,RefControl,NE-Ref_Storage-RefControl-FixSucTemp-EvapCool,"EnergyPlus, Version 22.2.0-c249759bad, YMD=2024.05.03 23:09",CA_BISHOP-AP - USA Custom-724800 WMO#=724800,4644.87,64.63,43.93,0.0,69597.8,249305.1,0.0,177647.52,0.0,230605.37,0.0,0.0,0.0,0.0,0.0,351629.72,0.0,140119.37,0.0,0.0,0.0,0.0,0.0,0.0,0.0,0.0,0.0,0.0,63946.44,0.0,0.0,654717340.9160008,34.792500000000004
SWCR007-05 Float Temp Ctrl_Ex/runs/CZ16/Gro&0&cDXGF&Ex&Ref_Storage__RefControl/NE-Ref_Storage-RefControl-FltSucTemp-AirCool-VSDFan/instance-out.sql,CZ16,Gro,0,cDXGF,Ex,Ref_Storage,RefControl,NE-Ref_Storage-RefControl-FltSucTemp-AirCool-VSDFan,"EnergyPlus, Version 22.2.0-c249759bad, YMD=2024.05.03 23:14",CA_BISHOP-AP - USA Custom-724800 WMO#=724800,4644.87,64.63,43.93,0.0,69597.8,249305.1,0.0,177647.52,0.0,230605.37,0.0,0.0,0.0,0.0,0.0,1273554.53,0.0,140119.37,0.0,0.0,0.0,0.0,0.0,0.0,0.0,0.0,0.0,0.0,63946.44,0.0,0.0,1341492421.5430176,34.792500000000004
SWCR007-05 Float Temp Ctrl_Ex/runs/CZ16/Gro&0&cDXGF&Ex&Ref_Storage__RefControl/NE-Ref_Storage-RefControl-FltSucTemp-EvapCool/instance-out.sql,CZ16,Gro,0,cDXGF,Ex,Ref_Storage,RefControl,NE-Ref_Storage-RefControl-FltSucTemp-EvapCool,"EnergyPlus, Version 22.2.0-c249759bad, YMD=2024.05.03 23:11",CA_BISHOP-AP - USA Custom-724800 WMO#=724800,4644.87,64.63,43.93,0.0,69597.8,249305.1,0.0,177647.52,0.0,230605.37,0.0,0.0,0.0,0.0,0.0,340758.78,0.0,140119.37,0.0,0.0,0.0,0.0,0.0,0.0,0.0,0.0,0.0,0.0,63946.44,0.0,0.0,650080416.8235755,34.792500000000004
SWCR007-05 Float Temp Ctrl_Ex/runs/CZ16/Gro&0&cDXGF&Ex&Ref_Storage__RefControl/NE-Ref_Storage-RefControl-FltSucTemp-AirCool/instance-out.sql,CZ16,Gro,0,cDXGF,Ex,Ref_Storage,RefControl,NE-Ref_Storage-RefControl-FltSucTemp-AirCool,"EnergyPlus, Version 22.2.0-c249759bad, YMD=2024.05.03 23:17",CA_BISHOP-AP - USA Custom-724800 WMO#=724800,4644.87,64.63,43.93,0.0,69597.8,249305.1,0.0,177647.52,0.0,230605.37,0.0,0.0,0.0,0.0,0.0,1276670.4,0.0,140119.37,0.0,0.0,0.0,0.0,0.0,0.0,0.0,0.0,0.0,0.0,63946.44,0.0,0.0,1341492421.5430176,34.792500000000004
SWCR007-05 Float Temp Ctrl_Ex/runs/CZ16/Gro&0&cDXGF&Ex&Ref_Storage__RefControl/NE-Ref_Storage-RefControl-FltSucTemp-EvapCool-VSDFan/instance-out.sql,CZ16,Gro,0,cDXGF,Ex,Ref_Storage,RefControl,NE-Ref_Storage-RefControl-FltSucTemp-EvapCool-VSDFan,"EnergyPlus, Version 22.2.0-c249759bad, YMD=2024.05.03 23:08",CA_BISHOP-AP - USA Custom-724800 WMO#=724800,4644.87,64.63,43.93,0.0,69597.8,249305.1,0.0,177647.52,0.0,230605.37,0.0,0.0,0.0,0.0,0.0,330998.69,0.0,140119.37,0.0,0.0,0.0,0.0,0.0,0.0,0.0,0.0,0.0,0.0,63946.44,0.0,0.0,646717951.834971,34.792500000000004
